Product Name,Product Code,Crop Category,Crop Name,Hybrid / Variety Type,Short Description,Full Description,Key Features,Traits,Suitable Region,Suitable Season,Duration,Product Image URL,Downloaded Image Filename,PDF / Brochure URL,Downloaded PDF Filename,Old Product Page URL,Status,Display Order,Notes
TMMH 846,TMMH846,Field Crops,Product of Nepal,Hybrid,"• Maize hybrid with high yield potential
• Medium maturity (Kharif: 90 – 100 days) hybrid
• Semi-erect plant habit
• Cobs with 14-16 rows
• Number of grains I row: 35-40
• Attractive orange semi-flint grains
• Suitable for rainfed growing conditions during Kharif season",,,,,,,https://b4288757.smushcdn.com/4288757/wp-content/uploads/2025/11/TMMH-846-NEPALI-3d-POUCH-300x300.png?lossy=2&strip=1&webp=1,TMMH846.jpg,,TMMH846.pdf,https://trimurti.in/product/tmmh-846-2/,Active,1,
TMRV 1626,TMRV1626,Field Crops,,Variety,,,,,,,,https://b4288757.smushcdn.com/4288757/wp-content/uploads/2025/11/TMRV-1626-3d-Pouch-300x300.png?lossy=2&strip=1&webp=1,TMRV1626.jpg,,TMRV1626.pdf,https://trimurti.in/product/tmrv-1626/,Active,2,
Trinath (TMMH 806),TMMH806,Field Crops,,Hybrid,,,,,,,,https://b4288757.smushcdn.com/4288757/wp-content/uploads/2025/11/Untitled-1-300x300.png?lossy=2&strip=1&webp=1,TMMH806.jpg,,TMMH806.pdf,https://trimurti.in/product/trinath-tmmh-806/,Active,3,
TMMH 2858,TMMH2858,Field Crops,Products Of Nepal,Hybrid,"• Premium Maize hybrid with very high yield potential
• Full season maturity [Rabi: 120-130 days]
• Suitable for high density planting
• Long cobs with 16-18 rows &amp; 45-50 grains / row
• High shelling percent
• Attractive orange semi-flint grains
suitable for high management growing conditions du",,,,,,,https://b4288757.smushcdn.com/4288757/wp-content/uploads/2025/11/TMMH-2858.png?lossy=2&strip=1&webp=1,TMMH2858.jpg,,TMMH2858.pdf,https://trimurti.in/product/tmmh-2855-2/,Active,4,
BADRINATH (TMRV 1666),TMRV1666,Field Crops,,Variety,,,,,,,,https://b4288757.smushcdn.com/4288757/wp-content/uploads/2025/07/BADRINATH-3d-POUCH-1-300x300.png?lossy=2&strip=1&webp=1,TMRV1666.jpg,,TMRV1666.pdf,https://trimurti.in/product/badrinath-tmrv-1666/,Active,5,
TMRV 1734,TMRV1734,Field Crops,,Variety,,,,,,,,https://b4288757.smushcdn.com/4288757/wp-content/uploads/2026/04/TMRV-1734-3d-LQ-Pouch-300x300.jpg?lossy=2&strip=1&webp=1,TMRV1734.jpg,,TMRV1734.pdf,https://trimurti.in/product/tmrv-1734/,Active,6,
BAPPI (TMRV 1686),TMRV1686,Field Crops,,Variety,,,,,,,,https://b4288757.smushcdn.com/4288757/wp-content/uploads/2025/07/BAPPI-1686-NEW-3d-POUCH-300x300.png?lossy=2&strip=1&webp=1,TMRV1686.jpg,,TMRV1686.pdf,https://trimurti.in/product/bappi-tmrv-1686/,Active,7,
PR 126,,Field Crops,,Variety,,,,,,,,https://b4288757.smushcdn.com/4288757/wp-content/uploads/2026/03/PR126-3D-Pouch-we-300x300.png?lossy=2&strip=1&webp=1,pr-126.jpg,,pr-126.pdf,https://trimurti.in/product/pr-126/,Active,8,
TMRH 5786,TMRH5786,Field Crops,,Hybrid,,,,,,,,https://b4288757.smushcdn.com/4288757/wp-content/uploads/2023/10/TMRH_5786_web_-HR-min-300x300.png?lossy=2&strip=1&webp=1,TMRH5786.jpg,,TMRH5786.pdf,https://trimurti.in/product/tmrh-5786/,Active,9,
Kamakshi (TMRH 102),TMRH102,Field Crops,,Hybrid,,,,,,,,https://b4288757.smushcdn.com/4288757/wp-content/uploads/2023/10/Kamakshi_web_-HR-min-300x300.png?lossy=2&strip=1&webp=1,TMRH102.jpg,,TMRH102.pdf,https://trimurti.in/product/kamakshi/,Active,10,
MANI (TMRH 114),TMRH114,Field Crops,,Hybrid,,,,,,,,https://b4288757.smushcdn.com/4288757/wp-content/uploads/2023/10/Mani_web_-HR-min-300x300.png?lossy=2&strip=1&webp=1,TMRH114.jpg,,TMRH114.pdf,https://trimurti.in/product/mani/,Active,11,
TMRH 2106,TMRH2106,Field Crops,,Hybrid,"• Full seasong maturing [Kharif: 130-135 days (North &amp; South India) 135-140 days (East &amp; Central India)] hybrid with high yield potential
• Semi-erect plant habit &amp; number of productive tillers: 12-15
• Semi-dwarf plant type having 105 -115 cm plant height
• Long panicle with more number",,,,,,,https://b4288757.smushcdn.com/4288757/wp-content/uploads/2023/10/TMRH_2106_web_-HR-min-300x300.png?lossy=2&strip=1&webp=1,TMRH2106.jpg,"{'url': 'https://trimurti.in/wp-content/uploads/2023/10/POP-Rice-Hybrid-TMRH-2106.pdf', 'label': 'POP &#8211; Rice Hybrid &#8211; TMRH 2106'}",TMRH2106.pdf,https://trimurti.in/product/tmrh-2106/,Active,12,
GULABOO (TMRH 106),TMRH106,Field Crops,,Hybrid,"• Mid-early maturing (Kharif: 116-122 days) basmati rice hybrid
with higher yield potential
• Semi-erect plant habit
• Number of productive tillers: 12-15
• Semi-dwarf plant type having 100-105 cm plant height
• Extra-long slender basmati type grains
• Good milling percent with higher head rice reco",,,,,,,https://b4288757.smushcdn.com/4288757/wp-content/uploads/2023/10/Gulaboo_web_-HR-min-300x300.png?lossy=2&strip=1&webp=1,TMRH106.jpg,"{'url': 'https://trimurti.in/wp-content/uploads/2023/10/POP-Rice-Hybrid-TMRH-106.pdf', 'label': 'POP &#8211; Rice Hybrid &#8211; TMRH 106'}",TMRH106.pdf,https://trimurti.in/product/gulaboo/,Active,13,
PAVITRA (TMRH 108),TMRH108,Field Crops,,Hybrid,"• Early maturing (Kharif: 115-120 days) Basmati Rice hybrid
with high yield potential
• Semi-erect plant habit
• Number of productive tillers: 12-15
• Semi-dwarf plant type having 100-110 cm plant height
• Extra Long slender Basmati grains having excellent aroma
• Good milling percent with high head",,,,,,,https://b4288757.smushcdn.com/4288757/wp-content/uploads/2023/10/Pavitra_web_-HR-min-300x300.png?lossy=2&strip=1&webp=1,TMRH108.jpg,"{'url': 'https://trimurti.in/wp-content/uploads/2023/10/POP-Rice-Hybrid-Pavitra-TMRH-108.pdf', 'label': 'POP &#8211; Rice Hybrid &#8211; Pavitra (TMRH 108)'}",TMRH108.pdf,https://trimurti.in/product/pavitra/,Active,14,
Chetak (TMRH 2171),TMRH2171,Field Crops,,Hybrid,"CHETAK (TMRH 2171)
• Early maturing (Kharif: 112-117 days) Basmati Rice hybrid
yield potential
• Semi-erect plant habit
• Number of productive tillers: 10-14
• Semi-dwarf plant type having 95 -100 cm plant height
• Extra Long slender Basmati grains having excellent aroma
• Good milling percent with ",,,,,,,https://b4288757.smushcdn.com/4288757/wp-content/uploads/2023/10/Chetak_web_-HR-min-300x300.png?lossy=2&strip=1&webp=1,TMRH2171.jpg,"{'url': 'https://trimurti.in/wp-content/uploads/2023/10/POP-Rice-Hybrid-TMRH-2171.pdf', 'label': 'POP &#8211; Rice Hybrid &#8211; TMRH 2171'}",TMRH2171.pdf,https://trimurti.in/product/chetak/,Active,15,
Chetak Gold (TMRH 2112),TMRH2112,Field Crops,,Hybrid,"CHETAK GOLD (TMRH 2112)
• Mid-early maturing (Kharif: 118-125 days) hybrid basmati rice with high yield potential
• Semi-erect plant habit
• Number of productive tillers: 12-16
• Semi-dwarf plant type having 105-110 cm plant height
• Extra-long slender basmati type grains
• Good milling percent with",,,,,,,https://b4288757.smushcdn.com/4288757/wp-content/uploads/2023/10/Chetak_Gold_Web_-HR-min-300x300.png?lossy=2&strip=1&webp=1,TMRH2112.jpg,"{'url': 'https://trimurti.in/wp-content/uploads/2023/10/POP-Hybrid-Rice-TMRH-2112-Chetak-Gold.pdf', 'label': 'POP &#8211; Hybrid Rice &#8211; TMRH 2112 (Chetak Gold)'}",TMRH2112.pdf,https://trimurti.in/product/chetak-gold/,Active,16,
TMRH 5544,TMRH5544,Field Crops,,Hybrid,"• Medium maturing (Kharif: 115-120 days &amp; Rabi: 125-135 days) hybrid
with very high yield potential
• Semi-erect plant habit
• Number of productive tillers: 14-18
• Semi-dwarf plant type having 90-100 cm plant height
• Very long panicle with more number of grains / panicle
• Long bold grains wit",,,,,,,https://b4288757.smushcdn.com/4288757/wp-content/uploads/2023/10/TMRH_5544_web_-HR-min-300x300.png?lossy=2&strip=1&webp=1,TMRH5544.jpg,"{'url': 'https://trimurti.in/wp-content/uploads/2023/10/POP-Rice-Hybrid-TMRH-5544.pdf', 'label': 'POP &#8211; Rice Hybrid &#8211; TMRH 5544'}",TMRH5544.pdf,https://trimurti.in/product/tmrh-5544/,Active,17,
TMMH 826,TMMH826,Field Crops,,Hybrid,"• Premium Maize hybrid with very high yield potential
• Full season maturity [Kharif: 105-110 days, Rabi: 120-130 days (AP &amp; TG) and
140-150 days (Bihar) &amp; Spring : 100-105 days]
• Suitable for high density planting
• Long cobs with 16-18 rows &amp; 42-46 grains / row
• Shelling per cent: &g",,,,,,,https://b4288757.smushcdn.com/4288757/wp-content/uploads/2023/10/TMMH-826-3d-Pouch-300x300.png?lossy=2&strip=1&webp=1,TMMH826.jpg,"{'url': 'https://trimurti.in/wp-content/uploads/2023/10/POP-Maize-Hybrid-TMMH-826.pdf', 'label': 'POP &#8211; Maize Hybrid &#8211; TMMH 826'}",TMMH826.pdf,https://trimurti.in/product/tmmh-826/,Active,18,
TMRH 2156,TMRH2156,Field Crops,,Hybrid,,,,,,,,https://b4288757.smushcdn.com/4288757/wp-content/uploads/2025/07/TMRH_2156_web_-HR-min-300x300.png?lossy=2&strip=1&webp=1,TMRH2156.jpg,,TMRH2156.pdf,https://trimurti.in/product/tmrh-2156/,Active,19,
TMMH 824,TMMH824,Field Crops,,Hybrid,,,,,,,,https://b4288757.smushcdn.com/4288757/wp-content/uploads/2023/10/TMMH-824-3d-Pouch-1-300x300.png?lossy=2&strip=1&webp=1,TMMH824.jpg,,TMMH824.pdf,https://trimurti.in/product/824-2/,Active,20,
TMRH 2161,TMRH2161,Field Crops,,Hybrid,"• Medium maturing [Kharif: 115-125 days and Rabi: 125-135 days] Rice hybrid with high yield potential
• Semi-erect plant habit having 100-110 cm plant height
• Number of productive tillers: 12-14
• Long panicle with more number of grains / panicle
• Long Bold grains
• Good milling percent with high ",,,,,,,https://b4288757.smushcdn.com/4288757/wp-content/uploads/2023/10/TMRH_2161_web_-HR-min-300x300.png?lossy=2&strip=1&webp=1,TMRH2161.jpg,"{'url': 'https://trimurti.in/wp-content/uploads/2023/10/POP-Rice-Hybrid-TMRH-2161.pdf', 'label': 'POP &#8211; Rice Hybrid &#8211; TMRH 2161'}",TMRH2161.pdf,https://trimurti.in/product/tmrh-2161/,Active,21,
Devaraj (TMMH 2845),TMMH2845,Field Crops,,Hybrid,,,,,,,,https://b4288757.smushcdn.com/4288757/wp-content/uploads/2023/10/Devraj-TMMH2845-3d-Pouch-1-300x300.png?lossy=2&strip=1&webp=1,TMMH2845.jpg,,TMMH2845.pdf,https://trimurti.in/product/devaraj/,Active,22,
TMRH 129,TMRH129,Field Crops,,Hybrid,"• Early maturing [Kharif: 108-112 days (North India) &amp; 115-120 days
(East &amp; Central India)] Rice hybrid
• Semi-erect plant habit
• Number of productive tillers: 12-15
• Semi-dwarf plant type having 95 -105 cm plant height
• Long panicle with more number of grains / panicle
• Long bold grains",,,,,,,https://b4288757.smushcdn.com/4288757/wp-content/uploads/2023/10/TMRH_129_web_-HR-min-300x300.png?lossy=2&strip=1&webp=1,TMRH129.jpg,"{'url': 'https://trimurti.in/wp-content/uploads/2023/10/POP-Rice-Hybrid-TMRH-129.pdf', 'label': 'POP- Rice Hybrid &#8211; TMRH 129'}",TMRH129.pdf,https://trimurti.in/product/tmrh-129/,Active,23,
SUVEER (TMMH 2882),TMMH2882,Field Crops,,Hybrid,,,,,,,,https://b4288757.smushcdn.com/4288757/wp-content/uploads/2025/07/Suveer-TMMH-2882-3d-Pouch-300x300.png?lossy=2&strip=1&webp=1,TMMH2882.jpg,,TMMH2882.pdf,https://trimurti.in/product/suveer-tmmh-2882/,Active,24,
TMRH 124,TMRH124,Field Crops,,Hybrid,"• Medium maturing (Kharif: 125-130 days) hybrid with high yield potential
• Semi-erect plant habit
• Number of productive tillers: 12-15
• Semi-dwarf plant type and 100 -110 cm plant height
• Long panicle with more number of grains / panicle
• Medium slender grains with good milling percent &amp; hi",,,,,,,https://b4288757.smushcdn.com/4288757/wp-content/uploads/2023/10/web-optimized-TMRH-124-300x300.png?lossy=2&strip=1&webp=1,TMRH124.jpg,"{'url': 'https://trimurti.in/wp-content/uploads/2023/10/POP-Rice-Hybrid-TMRH-124.pdf', 'label': 'POP &#8211; Rice Hybrid &#8211; TMRH 124'}",TMRH124.pdf,https://trimurti.in/product/tmrh-124/,Active,25,
TMMH 8842,TMMH8842,Field Crops,,Hybrid,"• Premium Maize hybrid with high yield potential
• Medium maturity (Kharif: 90-100 days) hybrid
• Semi-erect plant habit
• Cobs with 14-16 rows &amp; 40-45 grains I row
• Attractive orange flint grains
• Suitable for both rainfed &amp; irrigated growing situations during Kharif season in AP, AS, BR,",,,,,,,https://b4288757.smushcdn.com/4288757/wp-content/uploads/2023/10/tmmh-8842-3d-pouch_optimized-300x300.png?lossy=2&strip=1&webp=1,TMMH8842.jpg,"{'url': 'https://trimurti.in/wp-content/uploads/2023/10/POP-Maize-Hybrid-TMMH-8842.pdf', 'label': 'POP &#8211; Maize Hybrid &#8211; TMMH 8842'}",TMMH8842.pdf,https://trimurti.in/product/tmmh-8842/,Active,26,
TMRH 5556,TMRH5556,Field Crops,,Hybrid,"• Medium maturing [Kharif: 125-130 days (North &amp; South India) &amp;
135-140 days (East &amp; Central India)] Rice hybrid with very high yield potential
• Semi-erect plant habit
• Number of productive tillers: 12-15
• Semi-dwarf plant type having 110-115 cm plant height
• Long panicle with more n",,,,,,,https://b4288757.smushcdn.com/4288757/wp-content/uploads/2023/10/TMRH_5556_web_-HR-min-300x300.png?lossy=2&strip=1&webp=1,TMRH5556.jpg,"{'url': 'https://trimurti.in/wp-content/uploads/2023/10/POP-Rice-Hybrid-TMRH-5556.pdf', 'label': 'POP &#8211; Rice Hybrid &#8211; TMRH 5556'}",TMRH5556.pdf,https://trimurti.in/product/tmrh-5556/,Active,27,
TMMH 2852,TMMH2852,Field Crops,,Hybrid,,,,,,,,https://b4288757.smushcdn.com/4288757/wp-content/uploads/2023/10/tmmh-2852-3d-pouch_optimized-300x300.png?lossy=2&strip=1&webp=1,TMMH2852.jpg,,TMMH2852.pdf,https://trimurti.in/product/tmmh-2852/,Active,28,
TMRH 5750,TMRH5750,Field Crops,,Hybrid,"• Mid-early maturing [Kharif: 115-120 days (North &amp; South India) &amp; 120-125 days (East &amp; Central India) &amp; Rabi: 125-130 days]
• Semi-erect plant habit
• Number of productive tillers: 12-14
• Semi-dwarf compact plant type having 110-115 cm plant height
• Long panicle with more number o",,,,,,,https://b4288757.smushcdn.com/4288757/wp-content/uploads/2023/10/TMRH_5750_web_-HR-min-300x300.png?lossy=2&strip=1&webp=1,TMRH5750.jpg,"{'url': 'https://trimurti.in/wp-content/uploads/2023/10/POP-Rice-Hybrid-TMRH-5750.pdf', 'label': 'POP &#8211; Rice Hybrid &#8211; TMRH 5750'}",TMRH5750.pdf,https://trimurti.in/product/tmrh-5750/,Active,29,
Sarna (TMRH 111),TMRH111,Field Crops,,Hybrid,"SARNA (TMRH 111)
• Medium maturing [Kharif: 115-120 days (North &amp; South India) &amp;
120-125 days (East &amp; Central India) and Rabi: 125-130 days] Rice hybrid with high yield potential
• Semi-erect plant habit
• Number of productive tillers: 12-15
• Semi-dwarf plant type having 95 -100 cm plan",,,,,,,https://b4288757.smushcdn.com/4288757/wp-content/uploads/2023/10/Sarna_web_-HR-min-300x300.png?lossy=2&strip=1&webp=1,TMRH111.jpg,"{'url': 'https://trimurti.in/wp-content/uploads/2023/10/POP-Rice-Hybrid-TMRH-111.pdf', 'label': 'POP &#8211; Rice Hybrid &#8211; TMRH 111'}",TMRH111.pdf,https://trimurti.in/product/sarna/,Active,30,
TMMH 812,TMMH812,Field Crops,,Hybrid,"• Maize hybrid with high yield potential
• Early maturity (Kharif :85-90 days and Rabi: 115-125 days) hybrid
• Semi-erect plant habit
• Cobs with 14-16 rows and 35-40 grains / row
• Attractive Orange semi-flint grains
• Ideal for rainfed &amp; irrigated growing conditions during Kharif and Rabi seas",,,,,,,https://b4288757.smushcdn.com/4288757/wp-content/uploads/2023/10/tmmh-812-3d-pouch_optimized-300x300.png?lossy=2&strip=1&webp=1,TMMH812.jpg,"{'url': 'https://trimurti.in/wp-content/uploads/2023/10/POP-Maize-Hybrid-TMMH-812.pdf', 'label': 'POP &#8211; Maize Hybrid &#8211; TMMH 812'}",TMMH812.pdf,https://trimurti.in/product/tmmh-812/,Active,31,
TMRH 2151,TMRH2151,Field Crops,,Hybrid,"• Full season maturing [Kharif: 135 -145 days] rice hybrid
with high yield potential
• Semi-erect plant habit
• Number of productive tillers: 14-16
• Semi-dwarf compact plant type having 110-115 cm plant height
• Long panicle with more number of grains/panicle
• Medium bold grains with good milling ",,,,,,,https://b4288757.smushcdn.com/4288757/wp-content/uploads/2023/10/TMRH_2151_web_-HR-min-300x300.png?lossy=2&strip=1&webp=1,TMRH2151.jpg,"{'url': 'https://trimurti.in/wp-content/uploads/2023/10/POP-Rice-Hybrid-TMRH-2151.pdf', 'label': 'POP &#8211; Rice Hybrid &#8211; TMRH 2151'}",TMRH2151.pdf,https://trimurti.in/product/tmrh-2151/,Active,32,
TMMH 826.COM,TMMH826,Field Crops,,Hybrid,,,,,,,,https://b4288757.smushcdn.com/4288757/wp-content/uploads/2025/07/tmmh-826_optimized.com-3d-pouch-300x300.png?lossy=2&strip=1&webp=1,TMMH826.jpg,,TMMH826.pdf,https://trimurti.in/product/tmmh-826-com/,Active,33,
TMRH 5535,TMRH5535,Field Crops,,Hybrid,,,,,,,,https://b4288757.smushcdn.com/4288757/wp-content/uploads/2025/07/TMRH_5535_web_-HR-min-300x300.png?lossy=2&strip=1&webp=1,TMRH5535.jpg,,TMRH5535.pdf,https://trimurti.in/product/tmrh-5535/,Active,34,
Devaki (JRH &#8211; 5),,Field Crops,,Variety,,,,,,,,https://b4288757.smushcdn.com/4288757/wp-content/uploads/2026/05/Devaki-3D-Pouch-2026-Compressed-300x300.png?lossy=2&strip=1&webp=1,devaki-jrh-8211-5.jpg,,devaki-jrh-8211-5.pdf,https://trimurti.in/product/devaki-jrh-5/,Active,35,
TMRH 2135,TMRH2135,Field Crops,,Hybrid,,,,,,,,https://b4288757.smushcdn.com/4288757/wp-content/uploads/2026/03/TMRH-2135-3d-Pouch-300x300.webp?lossy=2&strip=1&webp=1,TMRH2135.jpg,,TMRH2135.pdf,https://trimurti.in/product/tmrh-2135/,Active,36,
TMRH 5513 (Nagma),TMRH5513,Field Crops,,Hybrid,,,,,,,,https://b4288757.smushcdn.com/4288757/wp-content/uploads/2026/04/Nagma-Rice-Hybrid-300x300.png?lossy=2&strip=1&webp=1,TMRH5513.jpg,,TMRH5513.pdf,https://trimurti.in/product/tmrh-5513-nagma/,Active,37,
TMRH 5559,TMRH5559,Field Crops,,Hybrid,,,,,,,,https://b4288757.smushcdn.com/4288757/wp-content/uploads/2025/07/WhatsApp-Image-2026-03-31-at-21.42.19-300x300.jpeg?lossy=2&strip=1&webp=1,TMRH5559.jpg,,TMRH5559.pdf,https://trimurti.in/product/tmrh-5559/,Active,38,
TMRH 5788,TMRH5788,Field Crops,,Hybrid,,,,,,,,https://b4288757.smushcdn.com/4288757/wp-content/uploads/2025/07/TMRH_5788_web_-HR-min-300x300.png?lossy=2&strip=1&webp=1,TMRH5788.jpg,,TMRH5788.pdf,https://trimurti.in/product/tmrh-5788/,Active,39,
TMRH 2184,TMRH2184,Field Crops,,Hybrid,"TMRH2184
• Early maturing [Kharif: 110-115 days]
Rice hybrid with high yield potential
• Semi-erect plant habit
• Number of productive tillers: 12-15
• Semi-dwarf plant type having 95 -100 cm plant height
• Long panicle with more number of grains / panicle
• Long Bold grains and good milling percent",,,,,,,https://b4288757.smushcdn.com/4288757/wp-content/uploads/2023/10/TMRH_2184_web_-HR-min-300x300.png?lossy=2&strip=1&webp=1,TMRH2184.jpg,,TMRH2184.pdf,https://trimurti.in/product/tmrh-2184/,Active,40,
TMRH 101,TMRH101,Field Crops,,Hybrid,"• Early maturing [Kharif: 101-108 days &amp; Rabi: 130-135 days] hybrid
with high yield potential
• Semi-erect plant habit
• Number of productive tillers: 11-13
• Semi-dwarf plant type having 95 -100 cm plant height
• Medium bold grains with good milling percent and high head rice recovery
• Toleran",,,,,,,https://b4288757.smushcdn.com/4288757/wp-content/uploads/2023/10/TMRH_101_web_-HR-min-300x300.png?lossy=2&strip=1&webp=1,TMRH101.jpg,"{'url': 'https://trimurti.in/wp-content/uploads/2023/10/POP-Rice-Hybrid-TMRH-101.pdf', 'label': 'POP &#8211; Rice Hybrid &#8211; TMRH 101'}",TMRH101.pdf,https://trimurti.in/product/tmrh-101/,Active,41,
Trinath TURBO,,Field Crops,,Variety,,,,,,,,https://b4288757.smushcdn.com/4288757/wp-content/uploads/2024/03/trinath-turbo-tmmh-806-3d-pouch_optimized-300x300.png?lossy=2&strip=1&webp=1,trinath-turbo.jpg,,trinath-turbo.pdf,https://trimurti.in/product/tmmh-806-trinath/,Active,42,
TMMH 8805,TMMH8805,Field Crops,,Hybrid,,,,,,,,https://b4288757.smushcdn.com/4288757/wp-content/uploads/2025/07/tmmh-8805-3d-pouch_optimized-300x300.png?lossy=2&strip=1&webp=1,TMMH8805.jpg,,TMMH8805.pdf,https://trimurti.in/product/tmmh-8805/,Active,43,
TMMH 8418,TMMH8418,Field Crops,,Hybrid,,,,,,,,https://b4288757.smushcdn.com/4288757/wp-content/uploads/2025/07/tmmh-8418-3d-pouch_optimized-300x300.png?lossy=2&strip=1&webp=1,TMMH8418.jpg,,TMMH8418.pdf,https://trimurti.in/product/tmmh-8418/,Active,44,
TMMH 807,TMMH807,Field Crops,,Hybrid,"• Maize hybrid with high yield potential
• Medium maturity &#8211; Kharif: 90-95 days,
• Suitable for high density planting
• Robust and unform cobs with 16-18 rows &amp; 40-45 seeds I row
• Shelling per cent: &gt; 80%
• Orange Yellow semi-flint grains with good storability
• Tolerant to lodging due",,,,,,,https://b4288757.smushcdn.com/4288757/wp-content/uploads/2023/10/tmmh-807-3d-pouch_optimized-300x300.png?lossy=2&strip=1&webp=1,TMMH807.jpg,"{'url': 'https://trimurti.in/wp-content/uploads/2023/10/POP-Maize-Hybrid-TMMH-807.pdf', 'label': 'POP &#8211; Maize Hybrid &#8211; TMMH 807'}",TMMH807.pdf,https://trimurti.in/product/tmmh-807/,Active,45,
TMMH 8135,TMMH8135,Field Crops,,Hybrid,,,,,,,,https://b4288757.smushcdn.com/4288757/wp-content/uploads/2025/07/tmmh-8135-3d-pouch_optimized-300x300.png?lossy=2&strip=1&webp=1,TMMH8135.jpg,,TMMH8135.pdf,https://trimurti.in/product/tmmh-8135/,Active,46,
TMMH 2861,TMMH2861,Field Crops,,Hybrid,,,,,,,,https://b4288757.smushcdn.com/4288757/wp-content/uploads/2025/07/TMMH-2861-3d-POUCH-300x300.png?lossy=2&strip=1&webp=1,TMMH2861.jpg,,TMMH2861.pdf,https://trimurti.in/product/tmmh-2861/,Active,47,
Darwin (TMMH 2840),TMMH2840,Field Crops,,Hybrid,,,,,,,,https://b4288757.smushcdn.com/4288757/wp-content/uploads/2023/10/darwin-tmmh-2840-3d-pouch_optimized-300x300.png?lossy=2&strip=1&webp=1,TMMH2840.jpg,,TMMH2840.pdf,https://trimurti.in/product/darwin/,Active,48,
DEVI (TMRH 107),TMRH107,Field Crops,,Hybrid,"•Medium maturing (Kharif: 125-130 days &amp; Rabi: 130-135 days) hybrid with high yield potential
• Number of productive tillers: 12-14
• Semi-dwarf plant type having 100-110 cm plant height
• Long panicle with more number of grains / panicle
• Medium slender grains with good milling percent and hig",,,,,,,https://b4288757.smushcdn.com/4288757/wp-content/uploads/2023/10/Devi_web_-HR-min-300x300.webp?lossy=2&strip=1&webp=1,TMRH107.jpg,"{'url': 'https://trimurti.in/wp-content/uploads/2023/10/POP-Rice-Hybrid-TMRH-107-Devi.pdf', 'label': 'POP &#8211; Rice Hybrid &#8211; TMRH 107 (Devi)'}",TMRH107.pdf,https://trimurti.in/product/devi/,Active,49,
RAJNATH (TMMH 8863),TMMH8863,Field Crops,,Hybrid,,,,,,,,https://b4288757.smushcdn.com/4288757/wp-content/uploads/2025/07/rajnath-tmmh-8863-3d-pouch_optimized-300x300.png?lossy=2&strip=1&webp=1,TMMH8863.jpg,,TMMH8863.pdf,https://trimurti.in/product/rajnath-tmmh-8863/,Active,50,
TMMH 8833,TMMH8833,Field Crops,,Hybrid,,,,,,,,https://b4288757.smushcdn.com/4288757/wp-content/uploads/2026/04/TMMH-8833-3D-Pouch-300x300.png?lossy=2&strip=1&webp=1,TMMH8833.jpg,,TMMH8833.pdf,https://trimurti.in/product/tmmh-8833/,Active,51,
Shivi Fast,,Field Crops,,Variety,"SHIVI FAST (TMRH 2110)
• Early maturing [Kharif: 105-110 days (North &amp; South India) &amp; 110-115 (East &amp; Central India)] hybrid with high yield potential
• Semi-erect plant habit and plant height 90 &#8211; 95 cm
• Number of productive tillers: 12-14
• 25-28 cm long panicle with more number",,,,,,,https://b4288757.smushcdn.com/4288757/wp-content/uploads/2023/10/Shivi_Fast_Web_-HR-min-300x300.webp?lossy=2&strip=1&webp=1,shivi-fast.jpg,"{'url': 'https://trimurti.in/wp-content/uploads/2023/10/POP-Rice-Hybrid-TMRH-2110.pdf', 'label': 'POP &#8211; Rice Hybrid &#8211; TMRH 2110'}",shivi-fast.pdf,https://trimurti.in/product/shivi-fast/,Active,52,
Dhumdaar,,Field Crops,,Variety,,,,,,,,https://b4288757.smushcdn.com/4288757/wp-content/uploads/2023/10/Dumdaar-PNG-300x300.png?lossy=2&strip=1&webp=1,dhumdaar.jpg,,dhumdaar.pdf,https://trimurti.in/product/dhumdaar/,Active,53,
Supriya (TMRH 174),TMRH174,Field Crops,,Hybrid,"• Full season maturing (Kharif: 132-138 days &amp; Rabi: 140-145 days)
Rice hybrid with very high yield potential
• Semi-erect plant habit
• Number of productive tillers: 12-16
• Semi-dwarf plant type having 110-115 cm plant height
• Long panicle with more number of grains / panicle
• Medium bold gr",,,,,,,https://b4288757.smushcdn.com/4288757/wp-content/uploads/2023/10/Supriya_Web_-HR-min-300x300.webp?lossy=2&strip=1&webp=1,TMRH174.jpg,"{'url': 'https://trimurti.in/wp-content/uploads/2023/10/POP-Rice-Hybrid-TNRH-174-Supriya.pdf', 'label': 'POP &#8211; Rice Hybrid &#8211; TNRH 174 (Supriya)'}",TMRH174.pdf,https://trimurti.in/product/supriya/,Active,54,
DUMDAAR (TMRV 3615),TMRV3615,Field Crops,,Variety,,,,,,,,https://b4288757.smushcdn.com/4288757/wp-content/uploads/2025/07/DUMDAAR-TMRV-3615-NEW-3d-POUCH-300x300.png?lossy=2&strip=1&webp=1,TMRV3615.jpg,,TMRV3615.pdf,https://trimurti.in/product/dumdaar-tmrv-3615/,Active,55,
Fodder (TMMH2838),TMMH2838,Field Crops,,Hybrid,,,,,,,,https://b4288757.smushcdn.com/4288757/wp-content/uploads/2023/10/tmmh-2832-3d-pouch_optimized-300x300.png?lossy=2&strip=1&webp=1,TMMH2838.jpg,,TMMH2838.pdf,https://trimurti.in/product/fodder-2838/,Active,56,
Ghungroo (TMMD 99),,Field Crops,,Variety,"GHUNGROO (TMMD 99)
• Yellow Mustard variety
• Medium maturity: 100-110 days
• Plant height: 115-120 cm
• Main shoot length: 55-65 cm
• Bold seed and 16-18 seeds / silique
• Oil percentage: &gt; 42 %
• Good performance under very cold temperatures
• Tolerant to major pests and diseases
• Suitable for",,,,,,,https://b4288757.smushcdn.com/4288757/wp-content/uploads/2023/10/GHUNGROO-TMMD-99-300x300.png?lossy=2&strip=1&webp=1,ghungroo-tmmd-99.jpg,,ghungroo-tmmd-99.pdf,https://trimurti.in/product/ghungroo/,Active,57,
Jewel (TMSF 1701),,Field Crops,,Variety,"JEWEL (TV1SH 1701)
• Sunflower hybrid suitable for both medium and light soils
• High yield potential
• Maturity duration: 110-120 days
• Plant semi-droopy type and height is 100-110 cm
• Head is flat to convex, very compact and uniform seed setting
up to centre
• Higher oil percent (42-44 %)
• Tole",,,,,,,https://b4288757.smushcdn.com/4288757/wp-content/uploads/2023/10/Jewel-300x300.png?lossy=2&strip=1&webp=1,jewel-tmsf-1701.jpg,,jewel-tmsf-1701.pdf,https://trimurti.in/product/jewel/,Active,58,
Julie (TMMD 97),,Field Crops,,Variety,"JULIE (TMMD 97)
• Yellow Mustard variety
• Early maturity: 98-104 days
• Plant height: 110-120 cm
• Main shoot length :50-60 cm
• Bold seed and 10-12 seeds I silique
• Oil percent: &gt;40%
• Tolerant to major pests and diseases
• Suitable for cultivation in BR, CG, GJ, HR, JH, MP, OD, PB, RJ, UK, UP",,,,,,,https://b4288757.smushcdn.com/4288757/wp-content/uploads/2023/10/Julie_-300x300.png?lossy=2&strip=1&webp=1,julie-tmmd-97.jpg,,julie-tmmd-97.pdf,https://trimurti.in/product/julie/,Active,59,
Kaalia (TMMD 92),,Field Crops,,Variety,"KAALIA (TMMD 92)
• Mustard variety with very high yield potential
• Medium maturity: 125-135 days
• Plant height: 170-180 cm
• Main shoot length: 70-80 cm
• Bold seed and 14-16 seeds / silique
• Oil percent: &gt;40 %
• Good performance under very cold temperatures
• Tolerant to major pests and disea",,,,,,,https://b4288757.smushcdn.com/4288757/wp-content/uploads/2023/10/Kaalia-300x300.png?lossy=2&strip=1&webp=1,kaalia-tmmd-92.jpg,,kaalia-tmmd-92.pdf,https://trimurti.in/product/kaalia/,Active,60,
KAALIA GOLD (TMMD 9242),TMMD9242,Field Crops,,Hybrid,,,,,,,,https://b4288757.smushcdn.com/4288757/wp-content/uploads/2025/07/Kaalia-Gold-Mustard-300x300.png?lossy=2&strip=1&webp=1,TMMD9242.jpg,,TMMD9242.pdf,https://trimurti.in/product/kaalia-gold-tmmd-9242/,Active,61,
Kashinath (TMMD 91),,Field Crops,,Variety,"KASHINATH (TMMD 91)
• Mustard variety with high yield potential
• Medium maturity: 115-125 days
• Plant height: 150-170 cm
• Main shoot length: 60-70 cm
• Bold seed and 14-16 seeds I silique
• Oil percent: &gt;40 %
• Tolerant to major pests and diseases
• Good performance under very cold temperature",,,,,,,https://b4288757.smushcdn.com/4288757/wp-content/uploads/2023/10/Kashinath-300x300.png?lossy=2&strip=1&webp=1,kashinath-tmmd-91.jpg,,kashinath-tmmd-91.pdf,https://trimurti.in/product/kashinath/,Active,62,
Lokpriya (TMW 3888),,Field Crops,,Variety,"LOKPRIYA (TMW 3888)
• Wheat variety with very high yield potential
• Semi-erect plant type
• Days to 50 % spike emergence: 90-100 days
• Maturity duration: 135-145 days
• Plant Height: 95-100 cm
• No. of productive tillers: 15-20
• Very attractive bold lustrous grains
• Tolerant to lodging and major",,,,,,,https://b4288757.smushcdn.com/4288757/wp-content/uploads/2023/10/Lokpriya-300x300.png?lossy=2&strip=1&webp=1,lokpriya-tmw-3888.jpg,,lokpriya-tmw-3888.pdf,https://trimurti.in/product/lokpriya/,Active,63,
TMBH 633,TMBH633,Field Crops,,Hybrid,"• Medium maturing (Kharif: 80-85 days &amp; Summer: 85-90 days) hybrid with very high yield potential
• Erect plant with plant height 190-210 cm
• Number of productive tillers :5-8
• Candle type very compact panicles (28-30 cm) with good girth
• Deep grey medium bold grains
• Excellent stay green fo",,,,,,,https://b4288757.smushcdn.com/4288757/wp-content/uploads/2023/09/TMBH_633_-HR-min-300x300.webp?lossy=2&strip=1&webp=1,TMBH633.jpg,"{'url': 'https://trimurti.in/wp-content/uploads/2023/09/POP-Hybrid-Bajra-TMBH-633.pdf', 'label': 'POP &#8211; Hybrid Bajra &#8211; TMBH 633'}",TMBH633.pdf,https://trimurti.in/product/tmbh-633/,Active,64,
TMBH 680,TMBH680,Field Crops,,Hybrid,"• Early to medium maturing (Kharif: 78-82 days) hybrid with very high yield potential
•Erect plant with tall plant height (230-250 cm)
•Number of productive tillers: 4-6
•Panicle: 28-32 cm long, candle type and compact
panicle with good girth
• Deep grey bold grains
• Excellent stay green fodder wit",,,,,,,https://b4288757.smushcdn.com/4288757/wp-content/uploads/2023/09/TMBH_680_-HR-min-300x300.webp?lossy=2&strip=1&webp=1,TMBH680.jpg,"{'url': 'https://trimurti.in/wp-content/uploads/2023/09/POP-Bajra-Hybrid-TMBH-680.pdf', 'label': 'POP &#8211; Bajra Hybrid &#8211; TMBH 680'}",TMBH680.pdf,https://trimurti.in/product/tmbh-680/,Active,65,
TMBH 2652,TMBH2652,Field Crops,,Hybrid,"Medium maturing (Kharif: 78-82 days &amp; Summer: 84-90 days) hybrid with very high yield potential
• Erect plant with tall plant height (200-220 cm)
• Number of productive tillers: 4-7
• Panicle having 27-31 cm in length Candle type and very compact
• Deep grey bold grains
• Excellent stay green fo",,,,,,,https://b4288757.smushcdn.com/4288757/wp-content/uploads/2023/09/TMBH_2652_-HR-min-300x300.webp?lossy=2&strip=1&webp=1,TMBH2652.jpg,"{'url': 'https://trimurti.in/wp-content/uploads/2023/09/POP-Hybrid-Bajra-TMBH-2652.pdf', 'label': 'POP &#8211; Hybrid Bajra &#8211; TMBH 2652'}",TMBH2652.pdf,https://trimurti.in/product/tmbh-2652/,Active,66,
TMBH 2631,TMBH2631,Field Crops,,Hybrid,"• Medium maturing (Kharif: 80-85 days &amp; Summer: 85-90 days) Bajra hybrid with very high yield potential
• Erect plant with tall plant height (210-225 cm)
• Number of productive tillers: 4-8
• Long (27-30 cm), conical, very compact panicles with good girth
• Deep grey medium bold grains
• Excelle",,,,,,,https://b4288757.smushcdn.com/4288757/wp-content/uploads/2023/09/TMBH-2631-300x300.png?lossy=2&strip=1&webp=1,TMBH2631.jpg,"{'url': 'https://trimurti.in/wp-content/uploads/2023/09/POP-Hybrid-Bajra-TMBH-2631.pdf', 'label': 'POP &#8211; Hybrid Bajra &#8211; TMBH 2631'}",TMBH2631.pdf,https://trimurti.in/product/tmbh-2631/,Active,67,
TMBH 601,TMBH601,Field Crops,,Hybrid,"• Early to medium maturing (Kharif: 78-82 days) hybrid with very high yield potential
•Erect plant with tall plant height (230-250 cm)
•Number of productive tillers: 4-6
•Panicle: 28-32 cm long, candle type and compact
panicle with good girth
• Deep grey bold grains
• Excellent stay green fodder wit",,,,,,,https://b4288757.smushcdn.com/4288757/wp-content/uploads/2026/04/TMBH-601-Optium-300x300.png?lossy=2&strip=1&webp=1,TMBH601.jpg,"{'url': 'https://trimurti.in/wp-content/uploads/2026/04/POP-Bajra-Hybrid-TMBH-601.pdf', 'label': 'POP &#8211; Bajra Hybrid &#8211; TMBH 601'}",TMBH601.pdf,https://trimurti.in/product/tmbh-601-2/,Active,68,
TMBH 602,TMBH602,Field Crops,,Hybrid,"• Early to medium maturing (Kharif: 78-82 days) hybrid with very high yield potential
•Erect plant with tall plant height (230-250 cm)
•Number of productive tillers: 4-6
•Panicle: 28-32 cm long, candle type and compact
panicle with good girth
• Deep grey bold grains
• Excellent stay green fodder wit",,,,,,,https://b4288757.smushcdn.com/4288757/wp-content/uploads/2025/12/TMBH_602_-HR-min-300x300.webp?lossy=2&strip=1&webp=1,TMBH602.jpg,"{'url': 'https://trimurti.in/wp-content/uploads/2025/12/POP-Hybrid-Bajra-TMBH-602.pdf', 'label': 'POP &#8211; Hybrid Bajra &#8211; TMBH 602'}",TMBH602.pdf,https://trimurti.in/product/tmbh-602/,Active,69,
TMBH 2627,TMBH2627,Field Crops,,Hybrid,,,,,,,,https://b4288757.smushcdn.com/4288757/wp-content/uploads/2025/07/TMBH_2627_-HR-min-300x300.webp?lossy=2&strip=1&webp=1,TMBH2627.jpg,,TMBH2627.pdf,https://trimurti.in/product/tmbh-2627/,Active,70,
TMBH 2612,TMBH2612,Field Crops,,Hybrid,"• Medium maturing (Kharif: 80-85 days &amp; Summer: 85-90 days) Bajra hybrid with very high yield potential
• Erect plant with tall plant height (200-220 cm)
• Number of productive tillers: 4-7
• Long (28-32 cm), conical, very compact panicles with good girth
• Deep grey medium bold grains
• Excelle",,,,,,,https://b4288757.smushcdn.com/4288757/wp-content/uploads/2023/09/TMBH_2612_-HR-min-300x300.webp?lossy=2&strip=1&webp=1,TMBH2612.jpg,,TMBH2612.pdf,https://trimurti.in/product/tmbh-2612/,Active,71,
Mahipal Bajra,,Field Crops,,Variety,"MAHIPAL (TI^BH 605)
•Early maturing (Kharif: 75-80 days) hybrid with high yield potential
• Erect plant with plant height 210-230 cm
• Number of productive tillers: 5-8
• Long (30-35 cm), conical, compact panicles with good girth
• Deep grey medium bold grains
• Excellent stay green fodder with very",,,,,,,https://b4288757.smushcdn.com/4288757/wp-content/uploads/2023/02/Mahipal_-HR-min-300x300.webp?lossy=2&strip=1&webp=1,mahipal-bajra.jpg,,mahipal-bajra.pdf,https://trimurti.in/product/bucket-with-grass-and-one-water-can/,Active,72,
SAINATH (TMMH 809),TMMH809,Field Crops,,Hybrid,"• Premium Maize hybrid with high yield potential
• Medium maturity (Kharif: 90-100 days) hybrid
• Semi-erect plant habit
• Long cobs with 14-16 rows &amp; 45-50 grains I row
• High shelling percent
• Attractive orange semi-flint grains
• Ideal for both rainfed and high management growing conditions ",,,,,,,https://b4288757.smushcdn.com/4288757/wp-content/uploads/2023/10/sainath-tmmh-809-3d-pouch_optimized-300x300.png?lossy=2&strip=1&webp=1,TMMH809.jpg,"{'url': 'https://trimurti.in/wp-content/uploads/2023/10/POP-Maize-Hybrid-TMMH-809-Sainath.pdf', 'label': 'POP &#8211; Maize Hybrid &#8211; TMMH 809 (Sainath)'}",TMMH809.pdf,https://trimurti.in/product/809/,Active,73,
Shaan-e-dawat plus (1509),,Field Crops,,Variety,"Shaan-e-dawat plus (1509)
•Early maturing (Kharif: 115-120 days) Basmati Rice variety with high yield potential
• Semi-erect plant habit
• Number of productive tillers: 8-10
• Semi-dwarf plant type having 105 -110 cm plant height
• Extra Long Slender Basmati grains with excellent aroma
• Good millin",,,,,,,https://b4288757.smushcdn.com/4288757/wp-content/uploads/2023/10/Shaan-e-dawat-plus-PNG-300x300.png?lossy=2&strip=1&webp=1,shaan-e-dawat-plus-1509.jpg,,shaan-e-dawat-plus-1509.pdf,https://trimurti.in/product/shaan-e-dawat-plus/,Active,74,
SHAN-E-DAWAT (TMRV 1121),TMRV1121,Field Crops,,Variety,,,,,,,,https://b4288757.smushcdn.com/4288757/wp-content/uploads/2025/07/Shaan-E-Dawat-NEW-Pouch-300x300.png?lossy=2&strip=1&webp=1,TMRV1121.jpg,,TMRV1121.pdf,https://trimurti.in/product/shan-e-dawat-tmrv-1121/,Active,75,
SHAN-E-DAWAT PLUS (TMRV 1509),TMRV1509,Field Crops,,Variety,,,,,,,,https://b4288757.smushcdn.com/4288757/wp-content/uploads/2025/07/Shaan-E-Dawat-plus-NEW-Pouch-300x300.png?lossy=2&strip=1&webp=1,TMRV1509.jpg,,TMRV1509.pdf,https://trimurti.in/product/shan-e-dawat-plus-tmrv-1509/,Active,76,
SHER-E-BASMATI (TMRH 1105),TMRH1105,Field Crops,,Hybrid,,,,,,,,https://b4288757.smushcdn.com/4288757/wp-content/uploads/2025/07/TMRH_1105_Web_-HR-min-300x300.webp?lossy=2&strip=1&webp=1,TMRH1105.jpg,,TMRH1105.pdf,https://trimurti.in/product/sher-e-basmati-tmrh-1105/,Active,77,
Shurma (TMRV 1632),TMRV1632,Field Crops,,Variety,,,,,,,,https://b4288757.smushcdn.com/4288757/wp-content/uploads/2023/10/Surma_3D-Pouch-PNG-300x300.png?lossy=2&strip=1&webp=1,TMRV1632.jpg,,TMRV1632.pdf,https://trimurti.in/product/shurma/,Active,78,
Slym,,Field Crops,,Variety,"SLYM (TMRV 3618)
• Medium maturing [Kharif: 125 -130 days &amp; Rabi: 130-135 day
Rice variety with high yield potential
• Semi-erect plant habit having 90-95 cm plant height
• Number of productive tillers: 10-12
• 24-26 cm long panicle with more number of grains / panicle
• Medium Slender fine grai",,,,,,,https://b4288757.smushcdn.com/4288757/wp-content/uploads/2023/10/Slym_3D-PNG-300x300.png?lossy=2&strip=1&webp=1,slym.jpg,"{'url': 'https://trimurti.in/wp-content/uploads/2023/10/POP-Rice-Variety-TMRV-3618.pdf', 'label': 'POP &#8211; Rice Variety &#8211; TMRV 3618'}",slym.pdf,https://trimurti.in/product/slym/,Active,79,
SNIGDHA (TMRV 1685),TMRV1685,Field Crops,,Variety,,,,,,,,https://b4288757.smushcdn.com/4288757/wp-content/uploads/2025/07/SNIGDHA-1685-NEW-3d-POUCH-1-300x300.png?lossy=2&strip=1&webp=1,TMRV1685.jpg,,TMRV1685.pdf,https://trimurti.in/product/snigdha-tmrv-1685/,Active,80,
Srinath (TMMH 804),TMMH804,Field Crops,,Hybrid,,,,,,,,https://b4288757.smushcdn.com/4288757/wp-content/uploads/2023/10/srinath-tmmh-804-3d-pouch_optimized-300x300.png?lossy=2&strip=1&webp=1,TMMH804.jpg,,TMMH804.pdf,https://trimurti.in/product/srinath/,Active,81,
SUPER TRIVIKRAM (TMMH 844),TMMH844,Field Crops,,Hybrid,,,,,,,,https://b4288757.smushcdn.com/4288757/wp-content/uploads/2023/10/super-trivikram-tmmh-844-3d-pouch_optimized-300x300.png?lossy=2&strip=1&webp=1,TMMH844.jpg,,TMMH844.pdf,https://trimurti.in/product/super-trivikram/,Active,82,
Tinku,,Field Crops,,Variety,"• Medium maturing (Kharif: 130-135 days and Rabi: 135-140 days) rice variety with high yield potential
• Semi-erect plant habit
• Number of productive tillers: 12-15
• Semi-dwarf plant type having 95 -105 cm plant height
• Long panicle with more number of grains / panicle
• Medium Slender grains
• G",,,,,,,https://b4288757.smushcdn.com/4288757/wp-content/uploads/2023/10/Tinku_-PNG-300x300.png?lossy=2&strip=1&webp=1,tinku.jpg,"{'url': 'https://trimurti.in/wp-content/uploads/2023/10/POP-Rice-Variety-TMRV-1636.pdf', 'label': 'POP &#8211; Rice Variety &#8211; TMRV 1636'}",tinku.pdf,https://trimurti.in/product/tinku/,Active,83,
TM 09,,Field Crops,,Variety,"• Early maturing [Kharif: 115-120 days] Basmati Rice variety with high yield potential
• Semi-erect plant habit
• Number of productive tillers: 10-12
• Semi-dwarf plant type having 100 -110 cm plant height
• Extra-Long Slender Basmati grains
• Excellent grain quality with excellent aroma
• Tolerant ",,,,,,,https://b4288757.smushcdn.com/4288757/wp-content/uploads/2023/10/TM-09-PNG-_-300x300.png?lossy=2&strip=1&webp=1,tm-09.jpg,"{'url': 'https://trimurti.in/wp-content/uploads/2023/10/POP-Rice-variety-TM-09.pdf', 'label': 'POP &#8211; Rice variety TM 09'}",tm-09.pdf,https://trimurti.in/product/tm-09/,Active,84,
Ustaad (TM 914),,Field Crops,,Variety,"USTAAD (TM 914)
• Mustard hybrid with very high yield potential
• Maturity: 120-130 days
• Plant height: 160-175 cm
• Main shoot length: 65-75 cm
• Branching starts from the bottom of the plant
• High numbers of primary and secondary branches
• Bold seed and 16-20 seeds / silique
• Oil percent: &gt;",,,,,,,https://b4288757.smushcdn.com/4288757/wp-content/uploads/2023/10/ustaad_web_-HR-min-300x300.webp?lossy=2&strip=1&webp=1,ustaad-tm-914.jpg,,ustaad-tm-914.pdf,https://trimurti.in/product/ustaad/,Active,85,
TM 917,,Field Crops,,Variety,"Mustard hybrid with very high yield potential
Good performance under cold temperatures
• Maturity: 120-125 days
• Plant height: 150-165 cm
• Main shoot length: 65-75 cm
• High numbers of primary and secondary branches and branching starts from the bottom of the plant
• Bold seeded and 16-18 seeds / ",,,,,,,https://b4288757.smushcdn.com/4288757/wp-content/uploads/2023/10/TM_917_-HR-min-300x300.webp?lossy=2&strip=1&webp=1,tm-917.jpg,,tm-917.pdf,https://trimurti.in/product/tm-917/,Active,86,
TM 9988,,Field Crops,,Variety,,,,,,,,https://b4288757.smushcdn.com/4288757/wp-content/uploads/2023/10/TM_9988_-HR-min-300x300.webp?lossy=2&strip=1&webp=1,tm-9988.jpg,,tm-9988.pdf,https://trimurti.in/product/tm-9988/,Active,87,
TM 936,,Field Crops,,Variety,,,,,,,,https://b4288757.smushcdn.com/4288757/wp-content/uploads/2023/10/TM_936_-HR-min-300x300.webp?lossy=2&strip=1&webp=1,tm-936.jpg,,tm-936.pdf,https://trimurti.in/product/tm-936/,Active,88,
TMBH 622,TMBH622,Field Crops,,Hybrid,"• Medium maturing (Kharif: 85-90 days &amp; Summer : 90-95 days) hybrid with very high yield potential
• Erect plant type with plant height 210-220 cm
• Number of productive tillers : 4-8
• Long (28-32 cm), conical, very compact panicles with good girth
• Deep grey medium bold grains
• Excellent sta",,,,,,,https://b4288757.smushcdn.com/4288757/wp-content/uploads/2023/09/TMBH_622_-HR-min-300x300.webp?lossy=2&strip=1&webp=1,TMBH622.jpg,,TMBH622.pdf,https://trimurti.in/product/tmbh-622/,Active,89,
TMMD 2901,TMMD2901,Field Crops,,Hybrid,"• Medium maturing (118-122 days) Mustard variety with high yield potential
• Erect plant with tall plant height (150-170 cm)
• Number of primary branches: 5-8
• Number of secondary branches: 18-22
• Main shoot length : 55-65 cm
• Seeds per silique : 12-14
• Bold seed and oil percent is 38-40 %
• Tol",,,,,,,https://b4288757.smushcdn.com/4288757/wp-content/uploads/2023/10/TMMD-2901-PNG-300x300.png?lossy=2&strip=1&webp=1,TMMD2901.jpg,,TMMD2901.pdf,https://trimurti.in/product/tmmd-2901/,Active,90,
TMMD 2904,TMMD2904,Field Crops,,Hybrid,"• Yellow Mustard variety with high yield potential
• Medium maturity: 115-120 days
• Plant height: 140-150 cm
• Main shoot length: 50-60 cm
• More number of primary and secondary branches
• Yellow coloured bold grains having 14-16 grains / silique
• Oil percent: &gt;42 %
• Tolerant to major pests an",,,,,,,https://b4288757.smushcdn.com/4288757/wp-content/uploads/2023/10/TMMD-2904-300x300.png?lossy=2&strip=1&webp=1,TMMD2904.jpg,"{'url': 'https://trimurti.in/wp-content/uploads/2023/10/POP-Hybrid-Mustard-TMMD-2904.pdf', 'label': 'POP-Hybrid Mustard-TMMD 2904'}",TMMD2904.pdf,https://trimurti.in/product/tmmd-2904/,Active,91,
TMMD 2905,TMMD2905,Field Crops,,Hybrid,,,,,,,,https://b4288757.smushcdn.com/4288757/wp-content/uploads/2023/10/TMMD-2905-300x300.png?lossy=2&strip=1&webp=1,TMMD2905.jpg,,TMMD2905.pdf,https://trimurti.in/product/tmmd-2905/,Active,92,
TMMH 2831,TMMH2831,Field Crops,,Hybrid,,,,,,,,https://b4288757.smushcdn.com/4288757/wp-content/uploads/2023/10/tmmh-2831-3d-pouch_optimized-300x300.png?lossy=2&strip=1&webp=1,TMMH2831.jpg,,TMMH2831.pdf,https://trimurti.in/product/tmmh-2831/,Active,93,
TMMH 2831 Plus,TMMH2831,Field Crops,,Hybrid,"• Premium Maize hybrid with high yield potential
• Medium maturity (Kharif: 95-100 days &amp; Rabi: 120-125 days ) hybrid
• Erect plant habit, suitable for close space planting
• Long cobs with 16-18 rows &amp; 42 &#8211; 48 grains / row
• High shelling percent
• Attractive orange semi-flint grains
",,,,,,,https://b4288757.smushcdn.com/4288757/wp-content/uploads/2023/10/tmmh-2831-plus-3d-pouch_optimized-300x300.png?lossy=2&strip=1&webp=1,TMMH2831.jpg,"{'url': 'https://trimurti.in/wp-content/uploads/2023/10/POP-Hybrid-Maize-TMMH-2831-Plus.pdf', 'label': 'POP &#8211; Hybrid Maize &#8211; TMMH 2831 Plus'}",TMMH2831.pdf,https://trimurti.in/product/tmmh-2831-plus/,Active,94,
TMMH 2834,TMMH2834,Field Crops,,Hybrid,"• Maize hybrid with high yield potential
• Medium maturity (Kharif: 90-100 days) hybrid
• Drooping plant habit, suitable for regular space planting
• Long cobs with 14-16 rows &amp; 35-40 grains / row
• High shelling percent
• Attractive orange semi-flint grains
• Ideal for both rainfed and high man",,,,,,,https://b4288757.smushcdn.com/4288757/wp-content/uploads/2023/10/tmmh-2834-3d-pouch_optimized-300x300.png?lossy=2&strip=1&webp=1,TMMH2834.jpg,"{'url': 'https://trimurti.in/wp-content/uploads/2023/10/POP-Maize-hybrid-TMMH-2834.pdf', 'label': 'POP &#8211; Maize hybrid &#8211; TMMH 2834'}",TMMH2834.pdf,https://trimurti.in/product/tmmh-2834/,Active,95,
Pusa HQPM &#8211; 5 Improved,,Field Crops,,Variety,"• Premium Maize hybrid with very high yield potential
• Medium maturity [Rabi: 120-125 days (AP &amp; TS),
140-150 days (BR) &amp; Spring: 95-100 days.]
• Long cobs with 16-18 rows &amp; 40-45 seeds / row
• Shelling percent: &gt; 80%
• Very low cob placement
• Yellow orange semi-dent grains with pur",,,,,,,https://b4288757.smushcdn.com/4288757/wp-content/uploads/2026/05/Pusa_HQPM-5_3D_pouch_optimized_50.png?lossy=2&strip=1&webp=1,pusa-hqpm-8211-5-improved.jpg,"{'url': 'https://trimurti.in/wp-content/uploads/2026/05/POP-Maize-Hybrid-Pusa-HQPM-5-Improved.pdf', 'label': 'POP &#8211; Maize Hybrid &#8211; Pusa HQPM &#8211; 5 Improved'}",pusa-hqpm-8211-5-improved.pdf,https://trimurti.in/product/pusa-hqpm-5-improved/,Active,96,
TMMH 2841,TMMH2841,Field Crops,,Hybrid,"• Premium Maize hybrid with very high yield potential
• Medium maturity [Rabi: 120-125 days (AP &amp; TS),
140-150 days (BR) &amp; Spring: 95-100 days.]
• Long cobs with 16-18 rows &amp; 40-45 seeds / row
• Shelling percent: &gt; 80%
• Very low cob placement
• Yellow orange semi-dent grains with pur",,,,,,,https://b4288757.smushcdn.com/4288757/wp-content/uploads/2023/10/tmmh-2841-3d-pouch_optimized-300x300.png?lossy=2&strip=1&webp=1,TMMH2841.jpg,,TMMH2841.pdf,https://trimurti.in/product/tmmh-2841/,Active,97,
TMMH 2855,TMMH2855,Field Crops,,Hybrid,"• Premium Maize hybrid with very high yield potential
• Full season maturity [Rabi: 120-130 days (AP &amp; TG) and 140-150 days (Bihar)]
• Suitable for high density planting
• Long cobs with 16-18 rows &amp; 45-50 grains / row
• High shelling percent
• Attractive orange semi-flint grains
suitable fo",,,,,,,https://b4288757.smushcdn.com/4288757/wp-content/uploads/2023/10/tmmh-2855-3d-pouch_optimized-300x300.png?lossy=2&strip=1&webp=1,TMMH2855.jpg,,TMMH2855.pdf,https://trimurti.in/product/tmmh-2855/,Active,98,
TMMH 801,TMMH801,Field Crops,,Hybrid,"• Premium Maize hybrid with high yield potential
• Full season maturity [Kharif: 105-110 days, Rabi: 125-130 days
&amp; Spring: 100-105]
• Erect plant habit, suitable for high density planting
• Long cobs with 16-18 rows &amp; 45-50 grains / row
• High shelling percent
• Orange with yellow cap &amp;",,,,,,,https://b4288757.smushcdn.com/4288757/wp-content/uploads/2023/10/tmmh-801-3d-pouch_optimized-300x300.png?lossy=2&strip=1&webp=1,TMMH801.jpg,,TMMH801.pdf,https://trimurti.in/product/tmmh-801/,Active,99,
TMMH 836,TMMH836,Field Crops,,Hybrid,"• Premium Maize hybrid with very high yield potential
• Medium maturity and duration is 95-100 days during Kharif season
• Very attractive orange semi-flint grains
• Long cobs with 16-18 rows &amp; 42-48 seeds / row
• Shelling per cent: &gt; 80%
• Suitable for high density planting
• Suitable for ra",,,,,,,https://b4288757.smushcdn.com/4288757/wp-content/uploads/2023/10/tmmh-836-3d-pouch_optimized-300x300.png?lossy=2&strip=1&webp=1,TMMH836.jpg,,TMMH836.pdf,https://trimurti.in/product/tmmh-836/,Active,100,
TMMH 846,TMMH846,Field Crops,,Hybrid,"• Maize hybrid with high yield potential
• Medium maturity (Kharif: 90 &#8211; 100 days) hybrid
• Semi-erect plant habit
• Cobs with 14-16 rows
• Number of grains I row: 35-40
• Attractive orange semi-flint grains
• Suitable for rainfed growing conditions during Kharif season in AP, AS, BR, CG, GJ, ",,,,,,,https://b4288757.smushcdn.com/4288757/wp-content/uploads/2023/10/tmmh-846-3d-pouch_optimized-300x300.png?lossy=2&strip=1&webp=1,TMMH846.jpg,"{'url': 'https://trimurti.in/wp-content/uploads/2023/10/POP-Maize-Hybrid-TMMH-846.pdf', 'label': 'POP &#8211; Maize Hybrid &#8211; TMMH 846'}",TMMH846.pdf,https://trimurti.in/product/tmmh-846/,Active,101,
TMMH 8862,TMMH8862,Field Crops,,Hybrid,,,,,,,,https://b4288757.smushcdn.com/4288757/wp-content/uploads/2023/10/tmmh-8862-3d-pouch_optimized-300x300.png?lossy=2&strip=1&webp=1,TMMH8862.jpg,,TMMH8862.pdf,https://trimurti.in/product/tmmh-8862-2/,Active,102,
TMRH 124,TMRH124,Field Crops,,Hybrid,"• Medium maturing (Kharif: 120-125 days) hybrid with high yield potential
• Semi-erect plant habit
• Number of productive tillers: 12-15
• Semi-dwarf plant type and 100 -110 cm plant height
• Long panicle with more number of grains/panicle
• Medium slender grains with good milling percent &amp; high",,,,,,,https://b4288757.smushcdn.com/4288757/wp-content/uploads/2024/03/nepal-124-300x300.webp?lossy=2&strip=1&webp=1,TMRH124.jpg,,TMRH124.pdf,https://trimurti.in/product/tmrh-124-nepal/,Active,103,
TMRV 1609,TMRV1609,Field Crops,,Variety,"• Full Season maturing (Kharif: 150-155 days &amp; Rabi: 142-148 days) Rice variety with high yield potential
• Semi-erect plant habit
• Number of productive tillers: 12-14
• Semi-dwarf plant type having 95-100 cm plant height
• Medium slender fine grains with good milling percent with
high head ric",,,,,,,https://b4288757.smushcdn.com/4288757/wp-content/uploads/2023/10/TMRV-1609-PNG-300x300.png?lossy=2&strip=1&webp=1,TMRV1609.jpg,"{'url': 'https://trimurti.in/wp-content/uploads/2023/10/POP-Rice-variety-TMRV-1509.pdf', 'label': 'POP &#8211; Rice variety TMRV 1509'}",TMRV1609.pdf,https://trimurti.in/product/tmrv-1609/,Active,104,
TMRV 1611,TMRV1611,Field Crops,,Variety,"• Full Season maturing (Kharif: 140-145 days &amp; Rabi: 145-155 days) Rice variety with high yield potential
• Semi-erect plant habit
• Number of productive tillers: 12-14
• Semi-dwarf plant type having 110-115 cm plant height
• Medium bold grains with good milling percent with high head rice
• Fie",,,,,,,https://b4288757.smushcdn.com/4288757/wp-content/uploads/2023/10/TMRV-PNG-1611_-300x300.png?lossy=2&strip=1&webp=1,TMRV1611.jpg,"{'url': 'https://trimurti.in/wp-content/uploads/2023/10/TMRV-1611-POP.pdf', 'label': 'TMRV 1611 POP'}",TMRV1611.pdf,https://trimurti.in/product/tmrv-1611/,Active,105,
TMRV 1617,TMRV1617,Field Crops,,Variety,"• Early maturing [Kharif: 100-105 days] rice variety with high
yield potential
• Semi-erect plant habit
• Number of productive tillers: 10-12
• Semi-dwarf plant type having 95 -105 cm plant height
• Long panicle with higher number of grains / panicle
• Medium Slender fine grains
• Good milling perce",,,,,,,https://b4288757.smushcdn.com/4288757/wp-content/uploads/2023/10/TMRV-1617-PNG-300x300.png?lossy=2&strip=1&webp=1,TMRV1617.jpg,"{'url': 'https://trimurti.in/wp-content/uploads/2023/10/TMRV-1617-POP.pdf', 'label': 'TMRV 1617 POP'}",TMRV1617.pdf,https://trimurti.in/product/tmrv-1617/,Active,106,
TMRV 1626 (Yamini),TMRV1626,Field Crops,,Variety,,,,,,,,https://b4288757.smushcdn.com/4288757/wp-content/uploads/2024/03/TMRV-1626-Yamini-e1776840245244-300x300.jpeg?lossy=2&strip=1&webp=1,TMRV1626.jpg,,TMRV1626.pdf,https://trimurti.in/product/tmrv-1626-yamini/,Active,107,
TMRV 1628,TMRV1628,Field Crops,,Variety,"• Mid-early maturing (Kharif: 120-125 days) Rice variety with high yield potential
• Semi-erect plant habit
• Number of productive tillers: 10-12
• Semi-dwarf plant type having 100-105 cm plant height
• Long bold grains
• Good milling percent with high head rice recovery
• Suitable for less water or",,,,,,,https://b4288757.smushcdn.com/4288757/wp-content/uploads/2023/10/TMRV-1628-PNG_-300x300.png?lossy=2&strip=1&webp=1,TMRV1628.jpg,"{'url': 'https://trimurti.in/wp-content/uploads/2023/10/TMRV-1628_POP.pdf', 'label': 'TMRV 1628_POP'}",TMRV1628.pdf,https://trimurti.in/product/tmrv-1628/,Active,108,
TMRV 1629,TMRV1629,Field Crops,,Variety,"• Full Season maturing (Kharif: 150-155 days &amp; Rabi: 155-160 days) Rice variety with high yield potential
• Semi-erect plant habit
• Number of productive tillers: 14-18
• Semi-dwarf plant type having 110-115 cm plant height
• Medium bold grains with brown husk
• Good milling percent with high he",,,,,,,https://b4288757.smushcdn.com/4288757/wp-content/uploads/2023/10/TMRV-1629_3D-PNG-300x300.png?lossy=2&strip=1&webp=1,TMRV1629.jpg,"{'url': 'https://trimurti.in/wp-content/uploads/2023/10/TMRV-1629-pop.pdf', 'label': 'TMRV 1629 pop'}",TMRV1629.pdf,https://trimurti.in/product/tmrv-1629/,Active,109,
TMRV 1682,TMRV1682,Field Crops,,Variety,,,,,,,,https://b4288757.smushcdn.com/4288757/wp-content/uploads/2025/07/TMMV-1682-NEW-3d-POUCH-1-300x300.png?lossy=2&strip=1&webp=1,TMRV1682.jpg,,TMRV1682.pdf,https://trimurti.in/product/tmrv-1682/,Active,110,
PB 1692,,Field Crops,,Variety,"• Early maturing (Kharif: 115-120 days) Basmati Rice variety
with high yield potential
• Semi-erect plant habit
• Number of productive tillers: 10-12
• Semi-dwarf plant type having 105 -110 cm plant height
• Extra Long Slender Basmati grains with excellent aroma
• Good milling percent with good head",,,,,,,https://b4288757.smushcdn.com/4288757/wp-content/uploads/2023/10/PB-300x300.webp?lossy=2&strip=1&webp=1,pb-1692.jpg,"{'url': 'https://trimurti.in/wp-content/uploads/2023/10/POP-Rice-variety-PB-1692.pdf', 'label': 'POP &#8211; Rice variety PB 1692'}",pb-1692.pdf,https://trimurti.in/product/pb-1692/,Active,111,
PB 1718,,Field Crops,,Variety,"Medium maturing (Kharif: 13 5-140 days) Basmati Rice variety with high yield potential
• Semi-erect plant habit
• Number of productive tillers: 10-12
• Semi-dwarf plant type having 100-110 cm plant height
• Extra Long Slender Basmati grains with excellent aroma
• Good milling percent with good head ",,,,,,,https://b4288757.smushcdn.com/4288757/wp-content/uploads/2023/10/1718-3D-POUCH-300x300.png?lossy=2&strip=1&webp=1,pb-1718.jpg,"{'url': 'https://trimurti.in/wp-content/uploads/2023/10/POP-Rice-variety-PB-1718.pdf', 'label': 'POP &#8211; Rice variety &#8211; PB 1718'}",pb-1718.pdf,https://trimurti.in/product/1718/,Active,112,
TMRV 3641,TMRV3641,Field Crops,,Variety,"Medium maturing [Kharif: 125-130 days and Rabi: 130-135 days]
Rice variety with high yield potential
• Semi-erect plant habit
• Number of productive tillers: 10-12
• Semi-dwarf plant type having 95 -105 cm plant height
• Long panicle with more number of grains / panicle
• Medium Slender fine grains
",,,,,,,https://b4288757.smushcdn.com/4288757/wp-content/uploads/2023/10/TMRV-3641-3D-PNG-300x300.png?lossy=2&strip=1&webp=1,TMRV3641.jpg,"{'url': 'https://trimurti.in/wp-content/uploads/2023/10/TMRV-3641-POP.pdf', 'label': 'TMRV 3641 POP'}",TMRV3641.pdf,https://trimurti.in/product/tmrv-3641/,Active,113,
TMRV 3644,TMRV3644,Field Crops,,Variety,"Full Season maturing (Kharif: 140-145 days &amp; Rabi: 145-155 days) variety with high yield potential
• Semi-erect plant habit
• Number of productive tillers: 12-14
• Semi-dwarf plant type having 110-115 cm plant height
• Medium bold grains with good milling percent with high head rice
• Field tole",,,,,,,https://b4288757.smushcdn.com/4288757/wp-content/uploads/2023/10/TMRH-3644-3D-POUCH-300x300.png?lossy=2&strip=1&webp=1,TMRV3644.jpg,"{'url': 'https://trimurti.in/wp-content/uploads/2023/10/POP-Rice-Variety-TMRV-3644.pdf', 'label': 'POP &#8211; Rice Variety &#8211; TMRV 3644'}",TMRV3644.pdf,https://trimurti.in/product/tmrh-3644/,Active,114,
TMRV 3649,TMRV3649,Field Crops,,Variety,"• Mid &#8211; Early maturing [Kharif: 115-120 days &amp; Rabi 120-125 days] Rice variety with high yield potential
• Semi-erect plant habit having 100 &#8211; 110 cm plant height
• Number of productive tillers: 12-15
• Long panicle with more number of grains / panicle
• Long Bold grains with good mi",,,,,,,https://b4288757.smushcdn.com/4288757/wp-content/uploads/2023/10/TMRV-3649-PNG-300x300.png?lossy=2&strip=1&webp=1,TMRV3649.jpg,"{'url': 'https://trimurti.in/wp-content/uploads/2023/10/POP-Rice-Variety-TMRV-3649.pdf', 'label': 'POP &#8211; Rice Variety &#8211; TMRV 3649'}",TMRV3649.pdf,https://trimurti.in/product/tmrv-3649/,Active,115,
TMW 3838,,Field Crops,,Variety,"• Very high yielding Wheat variety
• Days to 50 % spike emergence: 95-105 days
• Maturity duration: 130-140 days
• Average Plant Height: 85-95 cm
• No. of productive tillers: 15-20
• Very attractive bold lustrous grains
• Tolerant to lodging and major pests and diseases
• Suitable for both early &am",,,,,,,https://b4288757.smushcdn.com/4288757/wp-content/uploads/2023/10/TMW-3838-300x300.png?lossy=2&strip=1&webp=1,tmw-3838.jpg,,tmw-3838.pdf,https://trimurti.in/product/tmw-3838/,Active,116,
TRIMURTI 92 (TMRV 92),,Field Crops,,Variety,,,,,,,,https://b4288757.smushcdn.com/4288757/wp-content/uploads/2025/07/TMRV-92-3d-POUCH-300x300.png?lossy=2&strip=1&webp=1,trimurti-92-tmrv-92.jpg,,trimurti-92-tmrv-92.pdf,https://trimurti.in/product/trimurti-92-tmrv-92/,Active,117,
TRIVIKRAM  (TMMH 802),TMMH802,Field Crops,,Hybrid,"TRIVIKRAM (TMMH 802)
• Maize hybrid with very high yield potential
• Full season maturity [Kharif: 110-115 days &amp; Rabi: 140-150 days (Bihar) &amp; 120-125 days (AP &amp; TS)]
• Suitable for high density planting &amp; low cob placement
• Long cobs with 16-18 rows &amp; 40-45 grains / row
• High ",,,,,,,https://b4288757.smushcdn.com/4288757/wp-content/uploads/2023/10/trivikram-tmmh-802_optimized-300x300.png?lossy=2&strip=1&webp=1,TMMH802.jpg,"{'url': 'https://trimurti.in/wp-content/uploads/2023/10/POP-Hybrid-Maize-TMMH-802.pdf', 'label': 'POP &#8211; Hybrid Maize &#8211; TMMH 802'}",TMMH802.pdf,https://trimurti.in/product/trivikram-802/,Active,118,
USTAAD (TMRV 1621),TMRV1621,Field Crops,,Variety,,,,,,,,https://b4288757.smushcdn.com/4288757/wp-content/uploads/2025/07/TMRV-1621-USTAAD-3d-POUCH-300x300.png?lossy=2&strip=1&webp=1,TMRV1621.jpg,,TMRV1621.pdf,https://trimurti.in/product/ustaad-tmrv-1621/,Active,119,
VISHWANATH (TMRV 1610),TMRV1610,Field Crops,,Variety,,,,,,,,https://b4288757.smushcdn.com/4288757/wp-content/uploads/2023/10/TMRV-1610-VISHWANATH-PNG-300x300.png?lossy=2&strip=1&webp=1,TMRV1610.jpg,,TMRV1610.pdf,https://trimurti.in/product/tmrv-1610-vishwanath/,Active,120,
Aasma (TMWH 2786),TMWH2786,Vegetables,,Hybrid,"AASMA (TMWH 2786)
• Ice box type Watermelon hybrid
• Harvesting starts after 70-75 days of planting
• Oblong shaped dark green fruits with an averageweight of 4-7 kg
• Dark red flesh colour and rind colour dark green
• Higher BRIX, very crispy and gramular flesh
• Tolerant to major pests and disease",,,,,,,https://b4288757.smushcdn.com/4288757/wp-content/uploads/2023/10/Aasma_-300x300.png?lossy=2&strip=1&webp=1,TMWH2786.jpg,,TMWH2786.pdf,https://trimurti.in/product/asma/,Active,121,
Abeesh (TMTH 222),,Vegetables,,Variety,"ABEESH (TMTH^22)
• Tomato hybrid for fresh market and processing with very high yield potential
• Picking starts from 70-75 days after transplanting
• Semi-determinate plant type
• Square round fruit and average fruit weight: 100-120 g
• Fruits are very firm suitable for long distance transportation",,,,,,,https://b4288757.smushcdn.com/4288757/wp-content/uploads/2023/10/Abeesh_-300x300.png?lossy=2&strip=1&webp=1,abeesh-tmth-222.jpg,,abeesh-tmth-222.pdf,https://trimurti.in/product/abeesh/,Active,122,
Aparna (TMPH 408),,Vegetables,,Variety,,,,,,,,https://b4288757.smushcdn.com/4288757/wp-content/uploads/2023/10/Aparna-300x300.png?lossy=2&strip=1&webp=1,aparna-tmph-408.jpg,,aparna-tmph-408.pdf,https://trimurti.in/product/aparna/,Active,123,
AYESHA (TMBI 1314),TMBI1314,Vegetables,,Variety,,,,,,,,https://b4288757.smushcdn.com/4288757/wp-content/uploads/2025/07/Ayesha-3D-300x300.png?lossy=2&strip=1&webp=1,TMBI1314.jpg,,TMBI1314.pdf,https://trimurti.in/product/ayesha-tmbi-1314/,Active,124,
Balma (TMWH 2741),TMWH2741,Vegetables,,Hybrid,"BALMA(TMWH 2741)
• Ice box type hybrid
• Harvesting starts after 70 days after planting
• Oblong shaped fruits
• Average weight of 4-6 kg
• Dark red flesh colour and rind colour dark red
• High BRIX content &amp; very crispy flesh
• Tolerant to major pests &amp; diseases
• Widely adapted for cultiva",,,,,,,https://b4288757.smushcdn.com/4288757/wp-content/uploads/2023/10/BALMA-300x300.png?lossy=2&strip=1&webp=1,TMWH2741.jpg,,TMWH2741.pdf,https://trimurti.in/product/balma/,Active,125,
Chamki,,Vegetables,,Variety,"CHAMKI (TMTH 209)
• Tomato hybrid for fresh market with high yield potential
• Picking starts from 50-55 days after transplanting
• Semi-determinate plant type
• Round fruit with good firmness
• Average fruit weight: 85-95 g
• Fruits are sour in taste
• Tolerant to heat,Tomato virus (TyLCV), other m",,,,,,,https://b4288757.smushcdn.com/4288757/wp-content/uploads/2023/10/CHAMKI-300x300.png?lossy=2&strip=1&webp=1,chamki.jpg,,chamki.pdf,https://trimurti.in/product/chamki/,Active,126,
Diya (TMTH 208),,Vegetables,,Variety,"DIYA (TMTH 208)
• Indeterminate type tomato hybrid with very high yield potential
• Picking starts from 60-65 days after transplanting
• Round firm fruit suitable for transportation
• Average fruit weight: 90 -110 g
• Requires staking
• Uniform fruits all throughout the crop period
• Tolerant to maj",,,,,,,https://b4288757.smushcdn.com/4288757/wp-content/uploads/2023/10/Diya_-300x300.png?lossy=2&strip=1&webp=1,diya-tmth-208.jpg,,diya-tmth-208.pdf,https://trimurti.in/product/diya/,Active,127,
Hema Plus (TMCU 1101),,Vegetables,,Variety,"HEMA+ (TMcC^Hl)
• Cucumber hybrid for fresh market
• Days to first appearance of male flower: 30-32 days &amp; female flower: 32-35 days
• No. of female fruits / vine: 12-16
• Fruit colour: Green
• Fruit diameter: 4-5 cm
• Fruit length: 18-20 cm
• Fruit weight: 180-200 g
• Days to first fruit pickin",,,,,,,https://b4288757.smushcdn.com/4288757/wp-content/uploads/2023/10/hemaPLUS-scaled-300x300.jpg?lossy=2&strip=1&webp=1,hema-plus-tmcu-1101.jpg,,hema-plus-tmcu-1101.pdf,https://trimurti.in/product/hema-plus/,Active,128,
Holi,,Vegetables,,Variety,"HOLI (TMTH206)
• Tomato hybrid for fresh market purpose with high yield potential
• Picking starts from 50-55 days after transplanting
• Determinate plant type
• Flat round fruit having average weight of 75-85 g
• Fruits are firm with sour taste
• Uniform fruits all throughout the crop period
• Tole",,,,,,,https://b4288757.smushcdn.com/4288757/wp-content/uploads/2023/10/Holi_-300x300.png?lossy=2&strip=1&webp=1,holi.jpg,,holi.pdf,https://trimurti.in/product/holi/,Active,129,
Ila 1409,,Vegetables,,Variety,"ILA (TMBG 1409)
• Bottle gourd hybrid for fresh market with very high yield potential
• Long cylindrical fruits with very attractive green colour
• Picking starts after 60-65 days of planting
• Average fruit weight: 1.0 &#8211; 1.5 kg
• Fruit length: 35-40 cm
• Good shelf life and suitable for trans",,,,,,,https://b4288757.smushcdn.com/4288757/wp-content/uploads/2023/10/Ila1409-300x300.png?lossy=2&strip=1&webp=1,ila-1409.jpg,,ila-1409.pdf,https://trimurti.in/product/ila-1409/,Active,130,
Inam (TMCU 1111),,Vegetables,,Variety,"INAM (TMCU 1111)
• Cucumber hybrid for fresh market
• Days to first fruit picking: 45-50 days
• Days to first appearance of female flower after 32-35 days
• No. of female fruits / vine: 12-18
• Fruit colour: Green
• Average fruit length: 18-20 cm and diameter: 4-5 cm
• Average fruit weight: 200-225 ",,,,,,,https://b4288757.smushcdn.com/4288757/wp-content/uploads/2023/10/Inam_-300x300.png?lossy=2&strip=1&webp=1,inam-tmcu-1111.jpg,,inam-tmcu-1111.pdf,https://trimurti.in/product/inam/,Active,131,
Isha (TMWH 701),TMWH701,Vegetables,,Hybrid,"ISHA (TMWH 701)
• Dragon type hybrid with more fruits per plant
• Harvesting starts from 80-85 days after planting
• Oblong fruits with an average weight of 9-12 kg
• Red flesh colour and rind colour is green with dark green strips
• Higher BRIX and very crispy flesh
• Tolerant to major pests and di",,,,,,,https://b4288757.smushcdn.com/4288757/wp-content/uploads/2023/10/Isha-300x300.png?lossy=2&strip=1&webp=1,TMWH701.jpg,,TMWH701.pdf,https://trimurti.in/product/isha/,Active,132,
Ishq,,Vegetables,,Variety,"ISHQ (TMWH 702)
• Sugar baby type hybrid with high yield potential
• Harvesting starts from 75-80 days after planting
• Round shaped fruits with an average weight of 8-10 kg
• Dark red flesh colour and rind colour dark green
• Higher BRIX &amp; very crispy flesh
• Tolerant to major pests and disease",,,,,,,https://b4288757.smushcdn.com/4288757/wp-content/uploads/2023/10/Ishq-300x300.png?lossy=2&strip=1&webp=1,ishq.jpg,,ishq.pdf,https://trimurti.in/product/ishq/,Active,133,
Ista (TMBI 1301),TMBI1301,Vegetables,,Variety,"ISTA (TMBI1301)
• Bitter gourd hybrid having long spindle shaped fruits
• Picking starts after 50-55 days after planting
• Green spiny fruits
• Fruit length : 15 &#8211; 20 cm
• Fruit weight: 100 &#8211; 120 g
• Good shelf life
• Tolerant to major pests and diseases
• Widely adapted for cultivation ",,,,,,,https://b4288757.smushcdn.com/4288757/wp-content/uploads/2023/10/ISTA-NEW-300x300.png?lossy=2&strip=1&webp=1,TMBI1301.jpg,,TMBI1301.pdf,https://trimurti.in/product/ista-new/,Active,134,
Jhalak (TMPH 424),,Vegetables,,Variety,"JHALAK (TMPH 424)
• Green Chilli hybrid with very high yield potential
• Picking starts for green chilli after 55-60 days from transplanting
• Semi-Erect plant type
• Fruit length : 7-8 cm
• Immature fruit is dark green and very attractive in colour
• Profuse fruiting and more fruits per picking
• M",,,,,,,https://b4288757.smushcdn.com/4288757/wp-content/uploads/2023/10/Jhalak_3d-300x300.png?lossy=2&strip=1&webp=1,jhalak-tmph-424.jpg,,jhalak-tmph-424.pdf,https://trimurti.in/product/jhalak/,Active,135,
Kaabil (TMWH 711),TMWH711,Vegetables,,Hybrid,"KAABIL(TMWH 711)
• Ice box type watermelon hybrid
• Harvesting starts from 75 &#8211; 80 days after planting
• Oblong shaped fruits with dark green colour
• Average fruit weight of 4-6 kg
• Dark red flesh colour and rind colour dark red
• High BRIX content and very crispy flesh
• Tolerant to major p",,,,,,,https://b4288757.smushcdn.com/4288757/wp-content/uploads/2023/10/KAABIL-300x300.png?lossy=2&strip=1&webp=1,TMWH711.jpg,,TMWH711.pdf,https://trimurti.in/product/kaabil/,Active,136,
Kaalia gold (TMWH 704),TMWH704,Vegetables,,Hybrid,,,,,,,,https://b4288757.smushcdn.com/4288757/wp-content/uploads/2023/10/KALIA-GOLD-300x300.png?lossy=2&strip=1&webp=1,TMWH704.jpg,,TMWH704.pdf,https://trimurti.in/product/kaalia-gold/,Active,137,
Kashinath (TMPU 1818),,Vegetables,,Variety,"KASHINATH (TMPU 1818)
• Pumpkin hybrid with high yield and early maturity
• Days to maturity: 90-100 days
• Fruit shape: Round
• Fruit skin colour: Mottled green
• Fruit flesh colour: Yellowish orange
• Fruit weight: 4-6 kg
• Good keeping quality
• Widely adapted for cultivation in AP, AS, BR, CG, G",,,,,,,https://b4288757.smushcdn.com/4288757/wp-content/uploads/2023/10/KASHINATH-1-300x300.png?lossy=2&strip=1&webp=1,kashinath-tmpu-1818.jpg,,kashinath-tmpu-1818.pdf,https://trimurti.in/product/kashinath-2/,Active,138,
Klik (TMPH 401),,Vegetables,,Variety,"KLIK (TMPH 401)
• Green Chilli hybrid
• Picking starts for green chilli after 65-70 days from transplanting
• High yield potential
• Semi-Erect plant type
• Fruit length : 7-9 cm
• Immature fruit is attractive green in colour
• Very high pungency
• Tolerant to LCV, other major pests and diseases
• W",,,,,,,https://b4288757.smushcdn.com/4288757/wp-content/uploads/2023/10/klik-pouch-300x300.png?lossy=2&strip=1&webp=1,klik-tmph-401.jpg,,klik-tmph-401.pdf,https://trimurti.in/product/klik/,Active,139,
LEONE (TMPH 434),,Vegetables,,Variety,,,,,,,,https://b4288757.smushcdn.com/4288757/wp-content/uploads/2023/10/LE.ONE_-300x300.png?lossy=2&strip=1&webp=1,leone-tmph-434.jpg,,leone-tmph-434.pdf,https://trimurti.in/product/le-one/,Active,140,
MithiKorn,,Vegetables,,Variety,"MITHIKORN (TMMH 8712)
• Sweet com hybrid for fresh market with high yield potential
• Picking starts from 80 -85 days after planting
• Fruit weight: 280 &#8211; 300 g
• No. of rows / cob: 14-16
• No. of grains / row : 40-45
• Good shelf-life
• Brix : 14-15
Widely adapted for cultivation in AP, AS, B",,,,,,,https://b4288757.smushcdn.com/4288757/wp-content/uploads/2023/10/Mithikorn-300x300.jpg?lossy=2&strip=1&webp=1,mithikorn.jpg,,mithikorn.pdf,https://trimurti.in/product/mithikorn/,Active,141,
Nagma (TMPH 404),,Vegetables,,Variety,"NAGMA (TMPH 404)
• Dual purpose chilli hybrid (i.e. as green &amp; dry chilli)
• Picking starts for green chilli after 70-75 days &amp; for dry chilli after
120-125 days from transplanting
• Erect with tall plant type
• Fruit length : 9-10 cm
• Immature fruit is green and mature fruit is dark red in",,,,,,,https://b4288757.smushcdn.com/4288757/wp-content/uploads/2023/10/NAGMA-300x300.png?lossy=2&strip=1&webp=1,nagma-tmph-404.jpg,,nagma-tmph-404.pdf,https://trimurti.in/product/nagma/,Active,142,
Nivi (TMOH 306),,Vegetables,,Variety,"NIVI (TMOH 306)
• Okra hybrid with high yield potential
• Early in picking and picking starts from 40-45 days
• Green fruits having length of 11-12 cm
• Highly tolerant to Yellow Vein Mosaic Virus (YVMV)
• Easy in picking
• Good shelf life
• Widely adapted for cultivation during Kharif, Rabi and Sum",,,,,,,https://b4288757.smushcdn.com/4288757/wp-content/uploads/2023/10/NIVI-scaled-300x300.jpg?lossy=2&strip=1&webp=1,nivi-tmoh-306.jpg,,nivi-tmoh-306.pdf,https://trimurti.in/product/nivi/,Active,143,
Nivi Gold (TMOH 303),,Vegetables,,Variety,"NIVI GOLD (TMOH 303)
• Okra hybrid with very high yield potential
• Picking starts from 45-50 days
• Erect with tall plant type
• Dark green fruits having length of 10-12 cm
• Highly resistant to Yellow Vein Mosaic Virus (YVMV)
• Easy in picking
• Good shelf life
• Widely adapted for cultivation dur",,,,,,,https://b4288757.smushcdn.com/4288757/wp-content/uploads/2023/10/Nivi-gold-300x300.png?lossy=2&strip=1&webp=1,nivi-gold-tmoh-303.jpg,,nivi-gold-tmoh-303.pdf,https://trimurti.in/product/nivi-gold/,Active,144,
POKO (TMCH 20008),,Vegetables,,Variety,,,,,,,,https://b4288757.smushcdn.com/4288757/wp-content/uploads/2025/07/Real-star-300x300.png?lossy=2&strip=1&webp=1,poko-tmch-20008.jpg,,poko-tmch-20008.pdf,https://trimurti.in/product/poko-tmch-20008/,Active,145,
Purvi (TMPH 406),,Vegetables,,Variety,"PURVI (TMPH 406)
• Dry Chilli hybrid
• Picking starts for dry chilli after l lO-l 15 days from transplanting
• Erect with tall plant type
• Fruit length : 12-14 cm
• Immature fruit is dark green and mature fruit is dark red in colour
•SHU: 15,000-20,000
• ASTA colour value: 115-125 units
• Tolerant ",,,,,,,https://b4288757.smushcdn.com/4288757/wp-content/uploads/2023/10/purvi-300x300.png?lossy=2&strip=1&webp=1,purvi-tmph-406.jpg,,purvi-tmph-406.pdf,https://trimurti.in/product/purvi/,Active,146,
Raima + (TMPH 417),,Vegetables,,Variety,"RAIMA +
• Green Chilli hybrid with high yield potential
• Picking starts for green chilli after 65-70 days from transplanting
• Erect with tall plant type
• Fruit length : 10-12 cm
• Immature fruit is parrot green in colour
• High pungency
• Tolerant to LCV, other major pests and diseases
•Widely ad",,,,,,,https://b4288757.smushcdn.com/4288757/wp-content/uploads/2023/10/RAIMA-PLUS-300x300.png?lossy=2&strip=1&webp=1,raima--tmph-417.jpg,,raima--tmph-417.pdf,https://trimurti.in/product/raima-plus/,Active,147,
REAL STAR (TMCH 20012),,Vegetables,,Variety,,,,,,,,https://b4288757.smushcdn.com/4288757/wp-content/uploads/2025/07/Real-star-1-300x300.png?lossy=2&strip=1&webp=1,real-star-tmch-20012.jpg,,real-star-tmch-20012.pdf,https://trimurti.in/product/real-star-tmch-20012/,Active,148,
Rishta (TMBI 1304),TMBI1304,Vegetables,,Variety,"RISHTA (TMBI 1304)
• Bitter gourd hybrid having long spindle shaped fruits
• Dark Green fruits are less spiny and smooth
• Picking starts after 50-55 days after planting
• Average fruit length is 15 &#8211; 20 cm and girth is 4-5 cm
• Fruit weight: 100 &#8211; 125 g
• Very good shelflife and suitabl",,,,,,,https://b4288757.smushcdn.com/4288757/wp-content/uploads/2023/10/trimurti-RISHTA-300x300.png?lossy=2&strip=1&webp=1,TMBI1304.jpg,,TMBI1304.pdf,https://trimurti.in/product/trimurti-rishta/,Active,149,
Rumi (TMSG 1602),,Vegetables,,Variety,"RUMI (TMSG 1602)
• Sponge gourd hybrid for fresh market with high yield potential
• Picking starts after 45 -50 days of planting
• Fruits are very attractive dark green in colour
• Female flower starts from 15-18 nodes
• Female flower per vine : 15-20
• Fruit weight: 150 &#8211; 160 g
• Fruit length",,,,,,,https://b4288757.smushcdn.com/4288757/wp-content/uploads/2023/10/RUMI-3D-300x300.png?lossy=2&strip=1&webp=1,rumi-tmsg-1602.jpg,,rumi-tmsg-1602.pdf,https://trimurti.in/product/rumi/,Active,150,
Rype (TMTH 205),,Vegetables,,Variety,"RYPE (TMTH 205)
• Hybrid for fresh market with high yield potential
• Recommended for cultivation during Kharif, Rabi &amp; Summer seasons
• Picking starts from 60-65 days after transplanting
• Determinate plant type
• Fruits are dark red in colour, shape is flat round and
average fruit weight is 90",,,,,,,https://b4288757.smushcdn.com/4288757/wp-content/uploads/2023/10/RYPE-300x300.png?lossy=2&strip=1&webp=1,rype-tmth-205.jpg,,rype-tmth-205.pdf,https://trimurti.in/product/rype/,Active,151,
Sarla (TMBG 1404),,Vegetables,,Variety,,,,,,,,https://b4288757.smushcdn.com/4288757/wp-content/uploads/2023/10/SARLA-GOURD-300x300.png?lossy=2&strip=1&webp=1,sarla-tmbg-1404.jpg,,sarla-tmbg-1404.pdf,https://trimurti.in/product/sarla/,Active,152,
Shivi (TMOH 307),,Vegetables,,Variety,"SHIVI (TMOH 307)
• Okra hybrid with high yield potential
• Early picking and picking starts from 40-42 days
• Easy in Picking
• Green fruits having 12-14 cm length
• Good shelf life
• Tolerant to Yellow Vein Mosaic Virus (YVMV)
• Widely adapted for cultivation during Rabi and Summer seasons in AP, A",,,,,,,https://b4288757.smushcdn.com/4288757/wp-content/uploads/2023/10/SHIVI-300x300.png?lossy=2&strip=1&webp=1,shivi-tmoh-307.jpg,,shivi-tmoh-307.pdf,https://trimurti.in/product/shivi/,Active,153,
Shivi gold,,Vegetables,,Variety,"SHIVI GOLD (TMOH 316)
• Okra hybrid with high yield potential
• Picking starts from 45-50 days
• Erect with tall plant type
• Dark green fruits having 10-12 cm length
• Good shelflife
• Resistant to Yellow Vein Mosaic Virus (YVMV)
• Widely adapted for cultivation during Kharif and Summer seasons in ",,,,,,,https://b4288757.smushcdn.com/4288757/wp-content/uploads/2023/10/shivi-gold-300x300.png?lossy=2&strip=1&webp=1,shivi-gold.jpg,,shivi-gold.pdf,https://trimurti.in/product/shivi-gold/,Active,154,
Tabla (TMPU 1836),,Vegetables,,Variety,"TABLA (TMPU1836)
• Pumpkin hybrid with high yield and early maturity
• Days to maturity: 80-90 days
• Fruit shape: Flat round
• Fruit weight: 2-4 kg
• Fruit skin colour: Mottled green
• Good keeping quality
• Widely adapted for cultivation in AP, AS, BR, CG, GJ, HR, JH, KA, MH, MP, OD, PB, RJ, TS, T",,,,,,,https://b4288757.smushcdn.com/4288757/wp-content/uploads/2023/10/TABLA-300x300.png?lossy=2&strip=1&webp=1,tabla-tmpu-1836.jpg,,tabla-tmpu-1836.pdf,https://trimurti.in/product/tabla/,Active,155,
Tanu (TMBI 1305),TMBI1305,Vegetables,,Variety,"TANU (TMBI 1305)
• Bitter gourd hybrid having Short Spindle-shaped fruits.
• Picking starts after 50-55 days after planting.
• Green spiny fruits.
• Fruit length :5 &#8211; 10cm.
• Fruit weight:20- 30 g.
• Good shelf life.
• Tolerant to major pests and diseases.
• Suitable for long distance transpor",,,,,,,https://b4288757.smushcdn.com/4288757/wp-content/uploads/2023/10/TANU-300x300.png?lossy=2&strip=1&webp=1,TMBI1305.jpg,,TMBI1305.pdf,https://trimurti.in/product/tanu/,Active,156,
Tanya (TMSG 1601),,Vegetables,,Variety,"TANYA (TMSG 1601)
• Sponge gourd hybrid for fresh market with high yield potential
• Picking starts after 45 -50 days of planting
• Fruits are very attractive light green in colour
• Female flower starts from 14-17 nodes
• Female flower per vine : 15-20
• Fruit weight: 150 &#8211; 160 g
• Fruit leng",,,,,,,https://b4288757.smushcdn.com/4288757/wp-content/uploads/2023/10/TANYA-300x300.png?lossy=2&strip=1&webp=1,tanya-tmsg-1601.jpg,,tanya-tmsg-1601.pdf,https://trimurti.in/product/tanya/,Active,157,
TMBG 3402,,Vegetables,,Variety,"• Bottle gourd hybrid for fresh market
• Medium long cylindrical fruits
• Picking starts after 50-55 days of planting
• Fruit length : 25 &#8211; 30 cm
• Fruit weight: 0.75 &#8211; 1.0 kg
• Fruits are green in colour
• More juice and less seed content
• Tolerant to major pests and diseases
• Widely ",,,,,,,https://b4288757.smushcdn.com/4288757/wp-content/uploads/2023/10/TMBG-3402-300x300.png?lossy=2&strip=1&webp=1,tmbg-3402.jpg,,tmbg-3402.pdf,https://trimurti.in/product/tmbg-3402/,Active,158,
TMCA 21006,,Vegetables,,Variety,,,,,,,,https://b4288757.smushcdn.com/4288757/wp-content/uploads/2025/07/TMCA-21-006-CAULIFLOWER-NEW-Pouch-300x300.png?lossy=2&strip=1&webp=1,tmca-21006.jpg,,tmca-21006.pdf,https://trimurti.in/product/tmca-21006/,Active,159,
TMCH 20824,,Vegetables,,Variety,,,,,,,,,tmch-20824.jpg,,tmch-20824.pdf,https://trimurti.in/product/tmch-20824/,Active,160,
TMCU 3102,,Vegetables,,Variety,"TMCU3102
• Cucumber hybrid for fresh market
• Days to first appearance of female flower after 30-35 days
• No. of female fruits / vine: 10-15
• Fruit colour: Dark green
• Fruit length: 18-20 cm and Fruit diameter: 4-5 cm
• Fruit weight: 180-200 g
• Days to first fruit picking after 40-45 days of pla",,,,,,,https://b4288757.smushcdn.com/4288757/wp-content/uploads/2023/10/TMCU-3102-300x300.png?lossy=2&strip=1&webp=1,tmcu-3102.jpg,,tmcu-3102.pdf,https://trimurti.in/product/tmcu-3102/,Active,161,
TMCU 3111,,Vegetables,,Variety,"Cucumber hybrid for fresh market
Days to first fruit picking: 45-50 days
Days to first appearance of female flower after 35-40 days
No. of female fruits / vine: 15-20
Fruit colour: Dark green
Average fruit length: 18-20 cm and diameter: 4-5 cm
Average fruit weight: 200-225 g
Tolerant to major pests ",,,,,,,https://b4288757.smushcdn.com/4288757/wp-content/uploads/2023/10/TMCU-3111-300x300.png?lossy=2&strip=1&webp=1,tmcu-3111.jpg,,tmcu-3111.pdf,https://trimurti.in/product/tmcu-3111/,Active,162,
TMOH 2304,,Vegetables,,Variety,"• Okra hybrid with high yield potential
• Early picking and picking starts from 40-42 days
• Easy in Picking
• Green fruits having 12-14 cm length
• Good shelflife
• Tolerant to Yellow Vein Mosaic Virus (YVMV)
• Widely adapted for cultivation during Rabi and Summer seasons in AP, AS, BR, CG, GJ, HR,",,,,,,,https://b4288757.smushcdn.com/4288757/wp-content/uploads/2023/10/TMOH-2304-300x300.png?lossy=2&strip=1&webp=1,tmoh-2304.jpg,,tmoh-2304.pdf,https://trimurti.in/product/tmoh-2304/,Active,163,
TMOH 2318,,Vegetables,,Variety,"• Okra hybrid with high yield potential
• Resistant to Yellow Vein Mosaic Virus (YVMV)
• Picking starts from 40-45 days
• Erect with tall plant type
• Dark green shiny fruits having 10-12 cm length at picking
• Good shelf life and suitable for transportation
• Widely adapted for cultivation during K",,,,,,,https://b4288757.smushcdn.com/4288757/wp-content/uploads/2023/10/TMOH-2318-300x300.png?lossy=2&strip=1&webp=1,tmoh-2318.jpg,,tmoh-2318.pdf,https://trimurti.in/product/tmoh-2318/,Active,164,
TMOH 2322,,Vegetables,,Variety,"• Okra hybrid with high yield potential
• Resistant to Yellow Vein Mosaic Virus (YVMV)
• Picking starts from 42-45 days
• Erect with tall plant type
• Dark green fruits having 10-11 cm length at picking
• Fruits has good shelf life &amp; suitable for transportation
• Widely adapted for cultivation d",,,,,,,https://b4288757.smushcdn.com/4288757/wp-content/uploads/2023/10/TMOH-2322-300x300.png?lossy=2&strip=1&webp=1,tmoh-2322.jpg,,tmoh-2322.pdf,https://trimurti.in/product/tmoh-2322/,Active,165,
TMOH 2345,,Vegetables,,Variety,"• Okra Hybrid with very high yield potential
• Picking starts from 45-50 days after sowing
• Erect with tall plant type
• Dark green shiny fruits having 12-14 cm length at picking
• Resistant to Yellow Vein Mosaic Virus (YVMV)
• Picking is easy
• Very good shelf life
• Widely adapted for cultivation",,,,,,,https://b4288757.smushcdn.com/4288757/wp-content/uploads/2023/10/TMOH-2345-300x300.png?lossy=2&strip=1&webp=1,tmoh-2345.jpg,,tmoh-2345.pdf,https://trimurti.in/product/tmoh-2345/,Active,166,
TMOH 2352,,Vegetables,,Variety,"• Okra hybrid with very high yield potential
• Picking starts from 42-46 days after sowing
• Erect with tall plant type
• Dark green shiny fruits having 12-14 cm length at picking
• Picking is easy
• Very good shelflife
• Resistant to Yellow Vein Mosaic Virus (YVMV)
• Widely adapted for cultivation ",,,,,,,https://b4288757.smushcdn.com/4288757/wp-content/uploads/2023/10/TMOH-2352-300x300.png?lossy=2&strip=1&webp=1,tmoh-2352.jpg,,tmoh-2352.pdf,https://trimurti.in/product/tmoh-2352/,Active,167,
TMOH 314,,Vegetables,,Variety,"• Okra hybrid with high yield potential
• Highly tolerant to Yellow Vein Mosaic Virus (YVMV)
• Picking starts from 40-44 days
• Easy in Picking
• Green fruits having 11-12 cm length
• Good shelf life
Widely adapted for cultivation during Rabi and Summer seasons in AP,
AS, BR, CG, GJ, HR, JH, KA, MH,",,,,,,,https://b4288757.smushcdn.com/4288757/wp-content/uploads/2023/10/TMOH-314-300x300.png?lossy=2&strip=1&webp=1,tmoh-314.jpg,,tmoh-314.pdf,https://trimurti.in/product/tmoh-314/,Active,168,
TMOH 329,,Vegetables,,Variety,"• Okra hybrid with very high yield potential
• Picking starts from 45-50 days
• Erect with tall plant type
• Dark green shiny fruits having 12-14 cm length at picking
• Resistant to Yellow Vein Mosaic Virus (YVMV)
• Picking easy
• Good shelf life
• Widely adapted for cultivation during Kharif, Rabi ",,,,,,,https://b4288757.smushcdn.com/4288757/wp-content/uploads/2023/10/TMOH-329-300x300.png?lossy=2&strip=1&webp=1,tmoh-329.jpg,,tmoh-329.pdf,https://trimurti.in/product/tmoh-329/,Active,169,
TMOH 333,,Vegetables,,Variety,,,,,,,,https://b4288757.smushcdn.com/4288757/wp-content/uploads/2025/07/TMOH-333_3D-Pouch-300x300.png?lossy=2&strip=1&webp=1,tmoh-333.jpg,,tmoh-333.pdf,https://trimurti.in/product/tmoh-333/,Active,170,
TMOV 36,,Vegetables,,Variety,"• Okra variety with high yield potential
• Tolerant to Yellow Vein Mosaic Virus (YVMV)
• Picking starts from 42-48 days
• Easy in Picking
• Green fruits having 10-12 cm length
• Good shelf life
• Widely adapted for cultivation during Kharif, Rabi and Summer seasons in AP, AS, BR, CG, GJ, HR, JH, KA,",,,,,,,https://b4288757.smushcdn.com/4288757/wp-content/uploads/2023/10/TMOV-36-300x300.png?lossy=2&strip=1&webp=1,tmov-36.jpg,,tmov-36.pdf,https://trimurti.in/product/tmov-36/,Active,171,
TMOV 99,,Vegetables,,Variety,"Okra variety with high yield potential
• Tolerant to Yellow Vein Mosaic Virus (YVMV)
• Picking starts from 42-48 days
• Easy in Picking
• Green fruits having 10-12 cm length
• Good shelf life
• Widely adapted for cultivation during Rabi and Summer seasons in AP,AS, BR, CG, GJ, HR, JH, KA, MH, MP, OD",,,,,,,https://b4288757.smushcdn.com/4288757/wp-content/uploads/2023/10/TMOV-99-300x300.png?lossy=2&strip=1&webp=1,tmov-99.jpg,,tmov-99.pdf,https://trimurti.in/product/tmov-99/,Active,172,
TMPH 2441,,Vegetables,,Variety,"• Green chili hybrid with very high yield potential
• Picking starts for green chilli after 60-65 days from transplanting
• Erect with tall plant type
• Fruit length: 7-9 cm
• Immature fruit is dark green and shiny
• SHU: 70,000-80,000
• Heat tolerant and suitable for Summer cultivation
• Tolerant t",,,,,,,https://b4288757.smushcdn.com/4288757/wp-content/uploads/2023/10/TMPH-2441_-300x300.png?lossy=2&strip=1&webp=1,tmph-2441.jpg,,tmph-2441.pdf,https://trimurti.in/product/tmph-2441/,Active,173,
TMPH 2446,,Vegetables,,Variety,"• Green Chilli hybrid with very high yield potential
• Picking starts for green chilli after 65-70 days from transplanting
• Semi-Erect plant type
• Fruit length : 8-9 cm
• Immature fruit is dark green, shiny and very attractive in colour
• Profuse fruiting and more fruits per picking
• Tolerant to ",,,,,,,https://b4288757.smushcdn.com/4288757/wp-content/uploads/2023/10/TMPH-2446_-300x300.png?lossy=2&strip=1&webp=1,tmph-2446.jpg,,tmph-2446.pdf,https://trimurti.in/product/tmph-2446/,Active,174,
TMPH 403 (SIVARANJANI),,Vegetables,,Variety,"TMPH 403 (SIVARANJANI)
• Dry Chilli hybrid with very high color value
• Picking starts for dry chilli after 102-108 days from transplanting
• Erect with tall plant type
• Fruit length : 14-16 cm
• Fruit is wrinkled
• Immature fruit is dark green and mature fruit is dark red in colour
• SHU: 15,000-2",,,,,,,https://b4288757.smushcdn.com/4288757/wp-content/uploads/2023/10/SIVARANJANI-300x300.png?lossy=2&strip=1&webp=1,tmph-403-sivaranjani.jpg,,tmph-403-sivaranjani.pdf,https://trimurti.in/product/sivaranjani/,Active,175,
TMPH 411,,Vegetables,,Variety,"• Dry Chilli hybrid with very high color value
• Picking starts for dry chilli after 100-105 days from transplanting
• Erect with tall plant type
• Fruit length : 14-16 cm
• Fruit is wrinkled
• Immature fruit is dark green and mature fruit is dark red in colour
•SHU: 15,000-20,000
• ASTA colour valu",,,,,,,https://b4288757.smushcdn.com/4288757/wp-content/uploads/2023/10/TMPH-411-300x300.png?lossy=2&strip=1&webp=1,tmph-411.jpg,,tmph-411.pdf,https://trimurti.in/product/tmph-411/,Active,176,
TMPH 439,,Vegetables,,Variety,"• Hybrid ideal as green chilli
• Picking starts for green chilli after 70-75 days from transplanting
• Semi-Erect with tall plant type with cluster fruit bearing
• Fruit length : 5-7 cm
• Immature fruit is Dark green and mature fruit is dark red in colour
• High pungency
• Tolerant to LCV and other ",,,,,,,https://b4288757.smushcdn.com/4288757/wp-content/uploads/2023/10/TMPH-439-300x300.png?lossy=2&strip=1&webp=1,tmph-439.jpg,,tmph-439.pdf,https://trimurti.in/product/tmph-439/,Active,177,
TMPH 443,,Vegetables,,Variety,"• Green Chilli Hybrid with very high yield potential
• Picking starts for green chilli after 60-65 days from transplanting
• Heat tolerant and suitable for Summer cultivation
• Semi-Erect with tall plant type
• Fruit length : 9-10 cm
• Immature fruit is dark green in colour
• Very high pungency
• To",,,,,,,https://b4288757.smushcdn.com/4288757/wp-content/uploads/2023/10/TMPH-443_-300x300.png?lossy=2&strip=1&webp=1,tmph-443.jpg,,tmph-443.pdf,https://trimurti.in/product/tmph-443/,Active,178,
TMPH 444,,Vegetables,,Variety,"• Dual purpose chilli hybrid (i.e. as green &amp; dry chilli)
• Picking starts for green chilli after 70-75 days &amp; for dry chilli after 110-115 days from transplanting
• Bushy plant with more number of branches
• Fruit length 1 l-12cm
• Immature fruit colour is light green and mature
fruit colou",,,,,,,https://b4288757.smushcdn.com/4288757/wp-content/uploads/2023/10/TMPH-444-300x300.png?lossy=2&strip=1&webp=1,tmph-444.jpg,,tmph-444.pdf,https://trimurti.in/product/tmph-444/,Active,179,
TMPH 449,,Vegetables,,Variety,"• Green Chilli Hybrid with high yield potential
• Picking starts for green chilli after 65-70 days from transplanting
• Semi-Erect with tall plant type
• Fruit length: 7 &#8211; 8 cm
• Fruit Orientation: Upright solitary
• Immature fruit is green in colour
• Very high pungency
• Tolerant to LCV and ",,,,,,,https://b4288757.smushcdn.com/4288757/wp-content/uploads/2023/10/TMPH-449-300x300.png?lossy=2&strip=1&webp=1,tmph-449.jpg,,tmph-449.pdf,https://trimurti.in/product/tmph-449/,Active,180,
TMPH 463,,Vegetables,,Variety,"• Dual purpose chilli hybrid (i.e. as green &amp; dry chilli)
• Picking starts for green chilli after 65-70 days &amp; for dry chilli after 105-110 days from transplanting
• Bushy plant with more number of branches
• Fruit length 9-10cm
• Immature fruit colour is green and mature fruit colour is dar",,,,,,,https://b4288757.smushcdn.com/4288757/wp-content/uploads/2023/10/TMPH-463-300x300.png?lossy=2&strip=1&webp=1,tmph-463.jpg,,tmph-463.pdf,https://trimurti.in/product/tmph-463/,Active,181,
TMPH 489,,Vegetables,,Variety,"• Dual purpose chilli hybrid (i.e. as green &amp; dry chilli)
• Picking starts for green chilli after 70-75 days &amp; for dry chilli after
115-120 days from transplanting
• Bushy plant with more number of branches
• Fruit length 8-9cm
• Immature fruit colour is dark green and mature
fruit colour is",,,,,,,https://b4288757.smushcdn.com/4288757/wp-content/uploads/2023/10/TMPH-489-300x300.png?lossy=2&strip=1&webp=1,tmph-489.jpg,,tmph-489.pdf,https://trimurti.in/product/tmph-489/,Active,182,
TMPU 1827,,Vegetables,,Variety,,,,,,,,https://b4288757.smushcdn.com/4288757/wp-content/uploads/2025/07/TMPU-1827-300x300.png?lossy=2&strip=1&webp=1,tmpu-1827.jpg,,tmpu-1827.pdf,https://trimurti.in/product/tmpu-1827/,Active,183,
TMSG 3615,,Vegetables,,Variety,,,,,,,,https://b4288757.smushcdn.com/4288757/wp-content/uploads/2025/07/TMSG-3615-3D-POUCH-300x300.png?lossy=2&strip=1&webp=1,tmsg-3615.jpg,,tmsg-3615.pdf,https://trimurti.in/product/tmsg-3615/,Active,184,
TMTH 215,,Vegetables,,Variety,"• Hybrid for fresh market with high yield potential
• Recommended for Kharif, Rabi and Summer seasons
• Semi-determinate plant type
• Picking starts from 50-55 days after transplanting
• Flat round fruit and average weight is 80-90 g
• Fruits are very firm
• Highly resistant to heat and has very goo",,,,,,,https://b4288757.smushcdn.com/4288757/wp-content/uploads/2023/10/TMTH-215_-300x300.png?lossy=2&strip=1&webp=1,tmth-215.jpg,,tmth-215.pdf,https://trimurti.in/product/tmth-215/,Active,185,
TMTH 2226,,Vegetables,,Variety,"* Hybrid for fresh market with high yield potential
• Recommended for both Kharif and Rabi seasons
• Picking starts from 50-55 days after transplanting
• Semi-determinate plant type
• Fruits are with green shoulder and sour in taste
• Flat round fruit and average weight is 70 &#8211; 80 g
• Fruits a",,,,,,,https://b4288757.smushcdn.com/4288757/wp-content/uploads/2023/10/TMTH-2226-300x300.png?lossy=2&strip=1&webp=1,tmth-2226.jpg,,tmth-2226.pdf,https://trimurti.in/product/tmth-2226/,Active,186,
TMTH 2230,,Vegetables,,Variety,"• Tomato hybrid for fresh market and processing purpose with very
high yield potential
• Semi-determinate plant type
• Picking starts from 70-75 days after transplanting
• Square round fruit and average weight is 100-120 g
• Fruits are very firm and suitable for long distance transportation
• Tolera",,,,,,,https://b4288757.smushcdn.com/4288757/wp-content/uploads/2023/10/TMTH-2230_-300x300.png?lossy=2&strip=1&webp=1,tmth-2230.jpg,,tmth-2230.pdf,https://trimurti.in/product/tmth-2230/,Active,187,
TMTH 2267,,Vegetables,,Variety,"• Tomato hybrid for fresh market with very high yield potential
• Semi-determinate plant type
• Picking starts from 60-65 days after transplanting
• Flat round fruit and average weight: 90-100 g
• Fruits are firm with good shelf life
• Tolerant to Tomato virus (TyLCV) &amp; other major diseases
• Ad",,,,,,,https://b4288757.smushcdn.com/4288757/wp-content/uploads/2023/10/TMTH-2267_-300x300.png?lossy=2&strip=1&webp=1,tmth-2267.jpg,,tmth-2267.pdf,https://trimurti.in/product/tmth-2267/,Active,188,
TMTH 231,,Vegetables,,Variety,"• Tomato hybrid for fresh market purpose with very high yield potential
• Picking starts from 60-65 days after transplanting
• Semi-determinate plant type
• Round fruit having average weight of 90-100 g
• Fruits are firm with medium sour in taste
• Uniform fruits all throughout the crop period
• Tol",,,,,,,https://b4288757.smushcdn.com/4288757/wp-content/uploads/2023/10/TMTH-231-300x300.png?lossy=2&strip=1&webp=1,tmth-231.jpg,,tmth-231.pdf,https://trimurti.in/product/tmth-231/,Active,189,
TMTH 255,,Vegetables,,Variety,"• Tomato hybrid for fresh market with high yield potential
• Recommended for year-round cultivation during Kharif,
Rabi &amp; Summer seasons
• Picking starts from 60-65 days after transplanting
• Determinate plant type
• Very good fruit quality flat round fruits with green shoulder
• Average fruit w",,,,,,,https://b4288757.smushcdn.com/4288757/wp-content/uploads/2023/10/TMTH-255-300x300.png?lossy=2&strip=1&webp=1,tmth-255.jpg,,tmth-255.pdf,https://trimurti.in/product/tmth-255/,Active,190,
TMTH 288,,Vegetables,,Variety,"TMTH 228
• Tomato hybrid for fresh market with high yield potential
• Very widely adapted for cultivation for Kharif, Rabi and Summer seasons
• Picking starts from 60-65 days after transplanting
• Semi &#8211; Determinate plant type
• Flat Round fruits are having excellent quality
• Average fruit we",,,,,,,https://b4288757.smushcdn.com/4288757/wp-content/uploads/2023/10/TMTH-288-300x300.png?lossy=2&strip=1&webp=1,tmth-288.jpg,,tmth-288.pdf,https://trimurti.in/product/tmth-288/,Active,191,
TMWH 2710,TMWH2710,Vegetables,,Hybrid,"• Dragon type Watermelon hybrid
• Harvesting starts after 80-85 days of planting
• Oblong fruits with an average weight of 10-12 kg
• Red flesh colour and rind colour is green with dark green strips
• High BRIX and crispy flesh
• Tolerant to major pests and diseases
• Widely adapted for cultivation ",,,,,,,https://b4288757.smushcdn.com/4288757/wp-content/uploads/2023/10/TMWH-2710-300x300.png?lossy=2&strip=1&webp=1,TMWH2710.jpg,,TMWH2710.pdf,https://trimurti.in/product/tmwh-2710/,Active,192,
TMWH 2712,TMWH2712,Vegetables,,Hybrid,"• Sugar baby type Watermelon hybrid
• Harvesting starts after 80 &#8211; 85 days of planting
• Round shaped fruits with an average weight of 7-9 kg
• Dark red flesh colour and rind colour dark green
• High BRIX and very crispy flesh
• Tolerant to major pests and diseases
• Widely adapted for cultiva",,,,,,,https://b4288757.smushcdn.com/4288757/wp-content/uploads/2023/10/TMWH-2712-300x300.png?lossy=2&strip=1&webp=1,TMWH2712.jpg,,TMWH2712.pdf,https://trimurti.in/product/tmwh-2712/,Active,193,
Tohfa (TMWH 708),TMWH708,Vegetables,,Hybrid,"TOHFA (TMWH 708)
• Ice box type watermelon hybrid
• Harvesting starts from 70-75 days after planting
• Oval shaped fruits with an average weight of 4-6 kg
• Dark red flesh colour and rind colour dark green
• Higher BRIX and very crispy flesh
• Tolerant to major pests and diseases
• Widely adapted fo",,,,,,,https://b4288757.smushcdn.com/4288757/wp-content/uploads/2023/10/Tohfa_-300x300.png?lossy=2&strip=1&webp=1,TMWH708.jpg,,TMWH708.pdf,https://trimurti.in/product/tohfa/,Active,194,
Veena (TMBG 1401),,Vegetables,,Variety,"VEENA (TMBG 1401)
• Bottle gourd hybrid for fresh market with high yield potential
• Picking starts after 50 -55 days of planting
• Long cylindrical fruits
• Fruits are attractive green in colour
• Fruit weight: 1.0 &#8211; 1.5 kg
• Fruit length : 30-40 cm
• More juice and less seed content
• Tolera",,,,,,,https://b4288757.smushcdn.com/4288757/wp-content/uploads/2023/10/Veena_-300x300.png?lossy=2&strip=1&webp=1,veena-tmbg-1401.jpg,,veena-tmbg-1401.pdf,https://trimurti.in/product/veena/,Active,195,
Vishwanath,,Vegetables,,Variety,"VISHWANATH (TMRV 1610)
• Mid-early maturing (Kharif: 115-120 days) Rice variety with high
yield potential
• Semi-erect plant habit
• Number of productive tillers: 12-14
• Semi-dwarf plant type having 95-100 cm plant height
• Medium slender fine grains with good milling percent with high head rice
• ",,,,,,,https://b4288757.smushcdn.com/4288757/wp-content/uploads/2023/10/Vishwanath-300x300.png?lossy=2&strip=1&webp=1,vishwanath.jpg,,vishwanath.pdf,https://trimurti.in/product/vishwanath/,Active,196,
WHITE LILY (TMCA 21009),,Vegetables,,Variety,,,,,,,,https://b4288757.smushcdn.com/4288757/wp-content/uploads/2025/07/White-lily-300x300.png?lossy=2&strip=1&webp=1,white-lily-tmca-21009.jpg,,white-lily-tmca-21009.pdf,https://trimurti.in/product/white-lily-tmca-21009/,Active,197,
Charu (TMSH 1201),,Fodder,,Variety,"CHARU (TMSH 1201)
• Multi-cut SSG hybrid with high yield potential
• Good quality fodder with higher digestibility
• Thin stem and more number of tillers / plant
• Soft plant stem and internode having high digestibility and palatability
• Long dark green leaves
• Harvesting starts after 42 days as v",,,,,,,https://b4288757.smushcdn.com/4288757/wp-content/uploads/2023/10/Charu_3D-Pouch-300x300.png?lossy=2&strip=1&webp=1,charu-tmsh-1201.jpg,"{'url': 'https://trimurti.in/wp-content/uploads/2023/10/POP-SSG-Hybrid-TMSH-1201-Charu.pdf', 'label': 'POP &#8211; SSG Hybrid &#8211; TMSH 1201 (Charu)'}",charu-tmsh-1201.pdf,https://trimurti.in/product/charu/,Active,198,
Charu Gold (TMFH 1208),TMFH1208,Fodder,,Hybrid,"CHARU GOLD (TMFH 1208)
• Sudan grass fodder hybrid with very high yielding potential
• Growing up to 10-12 feet tall with long slender highly branched
leaves and abundant tillers
• Excellent leaf to stem ratio
• Excellent root system to ensure high yield
• Harvesting starts from 45 days as very low ",,,,,,,https://b4288757.smushcdn.com/4288757/wp-content/uploads/2023/10/CHARU-GOLD-PNG-300x300.png?lossy=2&strip=1&webp=1,TMFH1208.jpg,,TMFH1208.pdf,https://trimurti.in/product/charu-gold/,Active,199,
DAIRY DON (TMFH 1222),TMFH1222,Fodder,,Hybrid,,,,,,,,https://b4288757.smushcdn.com/4288757/wp-content/uploads/2025/07/DAIRY-DON-_3D-Pouch-300x300.png?lossy=2&strip=1&webp=1,TMFH1222.jpg,,TMFH1222.pdf,https://trimurti.in/product/dairy-don-tmfh-1222/,Active,200,
Samata (TMFH 3211),TMFH3211,Fodder,,Hybrid,"SAMATA (TMFH 3211)
• Multi-cut SSG hybrid with high yield potential
• Good quality fodder with higher digestibility
• Thin stem and more number of tillers / plant
• Soft plant stem and internode with long dark green leaves
• Harvesting starts after 45 days as very low HCN content recorded after 42 d",,,,,,,https://b4288757.smushcdn.com/4288757/wp-content/uploads/2023/10/SAMATA-PNG-300x300.png?lossy=2&strip=1&webp=1,TMFH3211.jpg,"{'url': 'https://trimurti.in/wp-content/uploads/2023/10/Samata_POP.pdf', 'label': 'Samata_POP'}",TMFH3211.pdf,https://trimurti.in/product/samata/,Active,201,
Samata Speed (TMFH 3206),TMFH3206,Fodder,,Hybrid,"SAMATA SPEED (TMFH 1206)
• Good quality fodder with higher digestibility for livestock
• Multi-cut SSG hybrid with very high yield potential
• Thin stem, broad and higher number of leaves / plant
• Soft plant stem and internode having high digestibility and palal
• Very low HCN content recorded afte",,,,,,,https://b4288757.smushcdn.com/4288757/wp-content/uploads/2023/10/SAMATA-SPEED-3D-POUCH-300x300.png?lossy=2&strip=1&webp=1,TMFH3206.jpg,,TMFH3206.pdf,https://trimurti.in/product/samata-speed/,Active,202,
Sweet Fora (TMFH 1276),TMFH1276,Fodder,,Hybrid,"SWEET FORA (TMFH 1276)
• Single cut Sweet Sorghum fodder but can be taken another cut
• Juicy stems with sweetness and preferred by cattle
• Plant height: 280 &#8211; 320 cm
• Good for silage making
• Higher Brix and higher in protein
• Higher digestibility and platability
• Tolerant to drought situ",,,,,,,https://b4288757.smushcdn.com/4288757/wp-content/uploads/2023/10/SWEET-FORA-3DE-pouch-300x300.png?lossy=2&strip=1&webp=1,TMFH1276.jpg,,TMFH1276.pdf,https://trimurti.in/product/sweet-fora/,Active,203,
TFX 1282,,Fodder,,Variety,,,,,,,,https://b4288757.smushcdn.com/4288757/wp-content/uploads/2023/10/TFX-PNG--300x300.png?lossy=2&strip=1&webp=1,tfx-1282.jpg,,tfx-1282.pdf,https://trimurti.in/product/tfx/,Active,204,
TMFH 1241,TMFH1241,Fodder,,Hybrid,,,,,,,,https://b4288757.smushcdn.com/4288757/wp-content/uploads/2026/02/TMFH-1241-Compressed-300x300.webp?lossy=2&strip=1&webp=1,TMFH1241.jpg,,TMFH1241.pdf,https://trimurti.in/product/tmfh-1241/,Active,205,
TMFH 1255,TMFH1255,Fodder,,Hybrid,,,,,,,,https://b4288757.smushcdn.com/4288757/wp-content/uploads/2023/10/TMFH-1255-PNG--300x300.png?lossy=2&strip=1&webp=1,TMFH1255.jpg,,TMFH1255.pdf,https://trimurti.in/product/tmfh-1255/,Active,206,
TOP DAIRY (TMFH 1275),TMFH1275,Fodder,,Hybrid,,,,,,,,https://b4288757.smushcdn.com/4288757/wp-content/uploads/2025/07/TOP-DAIRY-NEW-_3D-Pouch-300x300.png?lossy=2&strip=1&webp=1,TMFH1275.jpg,,TMFH1275.pdf,https://trimurti.in/product/top-dairy-tmfh-1275/,Active,207,
Vitagraze (TMFH 1251),TMFH1251,Fodder,,Hybrid,"VITAGRAZE (TaTh 1251)
• Multi-cut forage bajra hybrid with high yield potential
• Harvesting starts very early as there is no HCN content in this fodder
• Good quality fodder with higher nutritive value
• Thin stem and more number of tillers / plant
• Soft plant stem and internode having higher prot",,,,,,,https://b4288757.smushcdn.com/4288757/wp-content/uploads/2023/10/vitagraze-3d-pouch-300x300.png?lossy=2&strip=1&webp=1,TMFH1251.jpg,,TMFH1251.pdf,https://trimurti.in/product/vitagraze/,Active,208,
